model,model_display,fold,repeat,snr_db,snr_label,macro_f1,accuracy,delta_macro_f1
ADANN_LightGBM,DA-LGBM,1,0,clean,clean,0.9121872279767017,0.9181818181818182,0.0
ADANN_LightGBM,DA-LGBM,1,0,20.0,20dB,0.823042454621402,0.8545454545454545,-0.08914477335529969
ADANN_LightGBM,DA-LGBM,1,0,10.0,10dB,0.5379978078187796,0.5818181818181818,-0.3741894201579221
ADANN_LightGBM,DA-LGBM,1,0,5.0,5dB,0.34038329175270277,0.4090909090909091,-0.5718039362239989
ADANN_LightGBM,DA-LGBM,2,0,clean,clean,0.6062934717480173,0.6454545454545455,0.0
ADANN_LightGBM,DA-LGBM,2,0,20.0,20dB,0.48396798411001835,0.5272727272727272,-0.12232548763799894
ADANN_LightGBM,DA-LGBM,2,0,10.0,10dB,0.3740692796749033,0.41818181818181815,-0.232224192073114
ADANN_LightGBM,DA-LGBM,2,0,5.0,5dB,0.16130805664298487,0.21818181818181817,-0.4449854151050324
ADANN_LightGBM,DA-LGBM,3,0,clean,clean,0.8728499055124442,0.8727272727272727,0.0
ADANN_LightGBM,DA-LGBM,3,0,20.0,20dB,0.817795601527659,0.8363636363636363,-0.05505430398478528
ADANN_LightGBM,DA-LGBM,3,0,10.0,10dB,0.6712834860878768,0.6909090909090909,-0.20156641942456743
ADANN_LightGBM,DA-LGBM,3,0,5.0,5dB,0.3791862726645335,0.45454545454545453,-0.49366363284791076
ADANN_LightGBM,DA-LGBM,4,0,clean,clean,0.796980963397755,0.8272727272727273,0.0
ADANN_LightGBM,DA-LGBM,4,0,20.0,20dB,0.7637374065550353,0.8090909090909091,-0.033243556842719735
ADANN_LightGBM,DA-LGBM,4,0,10.0,10dB,0.6834977704471187,0.7454545454545455,-0.11348319295063636
ADANN_LightGBM,DA-LGBM,4,0,5.0,5dB,0.5257145314170373,0.5818181818181818,-0.27126643198071776
ADANN_LightGBM,DA-LGBM,5,0,clean,clean,0.616064001358119,0.6636363636363637,0.0
ADANN_LightGBM,DA-LGBM,5,0,20.0,20dB,0.6841307237029163,0.7181818181818181,0.06806672234479727
ADANN_LightGBM,DA-LGBM,5,0,10.0,10dB,0.31790381335835877,0.41818181818181815,-0.29816018799976024
ADANN_LightGBM,DA-LGBM,5,0,5.0,5dB,0.3099043336342802,0.4090909090909091,-0.3061596677238388
ADANN_LightGBM,DA-LGBM,6,0,clean,clean,0.7470046589828805,0.7636363636363637,0.0
ADANN_LightGBM,DA-LGBM,6,0,20.0,20dB,0.6077688612075964,0.7,-0.13923579777528405
ADANN_LightGBM,DA-LGBM,6,0,10.0,10dB,0.2062638580931264,0.3,-0.5407408008897541
ADANN_LightGBM,DA-LGBM,6,0,5.0,5dB,0.20476922826546887,0.3090909090909091,-0.5422354307174116
ADANN,ADANN,1,0,clean,clean,0.8331129268218561,0.8454545454545455,0.0
ADANN,ADANN,1,0,20.0,20dB,0.552375481259523,0.6181818181818182,-0.28073744556233315
ADANN,ADANN,1,0,10.0,10dB,0.22129720419396842,0.35454545454545455,-0.6118157226278877
ADANN,ADANN,1,0,5.0,5dB,0.1402213059136698,0.2636363636363636,-0.6928916209081863
ADANN,ADANN,2,0,clean,clean,0.4634602465556395,0.5181818181818182,0.0
ADANN,ADANN,2,0,20.0,20dB,0.3810686766611337,0.45454545454545453,-0.0823915698945058
ADANN,ADANN,2,0,10.0,10dB,0.23436389481165598,0.2818181818181818,-0.22909635174398352
ADANN,ADANN,2,0,5.0,5dB,0.16951695169516953,0.23636363636363636,-0.29394329486047
ADANN,ADANN,3,0,clean,clean,0.5480130783854521,0.6181818181818182,0.0
ADANN,ADANN,3,0,20.0,20dB,0.4736384827293918,0.5454545454545454,-0.0743745956560603
ADANN,ADANN,3,0,10.0,10dB,0.1983471074380165,0.3,-0.34966597094743557
ADANN,ADANN,3,0,5.0,5dB,0.1549429475763321,0.20909090909090908,-0.39307013080912
ADANN,ADANN,4,0,clean,clean,0.7396434522102971,0.7545454545454545,0.0
ADANN,ADANN,4,0,20.0,20dB,0.7234379702294141,0.7545454545454545,-0.016205481980883008
ADANN,ADANN,4,0,10.0,10dB,0.3136818230982379,0.41818181818181815,-0.42596162911205926
ADANN,ADANN,4,0,5.0,5dB,0.18955460972267693,0.2909090909090909,-0.5500888424876202
ADANN,ADANN,5,0,clean,clean,0.6111113040257425,0.6363636363636364,0.0
ADANN,ADANN,5,0,20.0,20dB,0.6672341643031299,0.6909090909090909,0.05612286027738733
ADANN,ADANN,5,0,10.0,10dB,0.334293339841852,0.43636363636363634,-0.27681796418389054
ADANN,ADANN,5,0,5.0,5dB,0.17690531393739953,0.22727272727272727,-0.43420599008834304
ADANN,ADANN,6,0,clean,clean,0.5772522126487311,0.6454545454545455,0.0
ADANN,ADANN,6,0,20.0,20dB,0.5457637600494744,0.6272727272727273,-0.0314884525992567
ADANN,ADANN,6,0,10.0,10dB,0.4758343088651618,0.5454545454545454,-0.10141790378356924
ADANN,ADANN,6,0,5.0,5dB,0.2631825501390719,0.32727272727272727,-0.3140696625096592
LightGBM,LightGBM,1,0,clean,clean,0.9054834054834054,0.9090909090909091,0.0
LightGBM,LightGBM,1,0,20.0,20dB,0.7448318709154621,0.7636363636363637,-0.16065153456794334
LightGBM,LightGBM,1,0,10.0,10dB,0.4974025974025974,0.5545454545454546,-0.40808080808080804
LightGBM,LightGBM,1,0,5.0,5dB,0.446340023612751,0.4727272727272727,-0.45914338187065445
LightGBM,LightGBM,2,0,clean,clean,0.5405503648030535,0.5727272727272728,0.0
LightGBM,LightGBM,2,0,20.0,20dB,0.4955767870529145,0.5454545454545454,-0.04497357775013899
LightGBM,LightGBM,2,0,10.0,10dB,0.42242581236782845,0.4818181818181818,-0.11812455243522507
LightGBM,LightGBM,2,0,5.0,5dB,0.34035343927544304,0.37272727272727274,-0.20019692552761048
LightGBM,LightGBM,3,0,clean,clean,0.7422481824395699,0.7636363636363637,0.0
LightGBM,LightGBM,3,0,20.0,20dB,0.7250346266312566,0.7454545454545455,-0.017213555808313297
LightGBM,LightGBM,3,0,10.0,10dB,0.3823758515178132,0.39090909090909093,-0.3598723309217567
LightGBM,LightGBM,3,0,5.0,5dB,0.22934447886091985,0.23636363636363636,-0.5129037035786501
LightGBM,LightGBM,4,0,clean,clean,0.7592099370683763,0.7909090909090909,0.0
LightGBM,LightGBM,4,0,20.0,20dB,0.6443702313195797,0.7272727272727273,-0.11483970574879654
LightGBM,LightGBM,4,0,10.0,10dB,0.6158550744621768,0.6909090909090909,-0.14335486260619945
LightGBM,LightGBM,4,0,5.0,5dB,0.386013870817429,0.45454545454545453,-0.37319606625094726
LightGBM,LightGBM,5,0,clean,clean,0.7425072347672966,0.7545454545454545,0.0
LightGBM,LightGBM,5,0,20.0,20dB,0.46562331557673015,0.5454545454545454,-0.2768839191905665
LightGBM,LightGBM,5,0,10.0,10dB,0.41392548569582066,0.45454545454545453,-0.32858174907147597
LightGBM,LightGBM,5,0,5.0,5dB,0.26052382582974054,0.3090909090909091,-0.4819834089375561
LightGBM,LightGBM,6,0,clean,clean,0.6397145998696898,0.6545454545454545,0.0
LightGBM,LightGBM,6,0,20.0,20dB,0.5553246006222711,0.5909090909090909,-0.08438999924741875
LightGBM,LightGBM,6,0,10.0,10dB,0.3981078729882558,0.45454545454545453,-0.24160672688143403
LightGBM,LightGBM,6,0,5.0,5dB,0.35536300644659774,0.4090909090909091,-0.2843515934230921
