model,model_display,snr_label,macro_f1_mean,macro_f1_std,macro_f1_ci95,accuracy_mean,accuracy_ci95,delta_macro_f1_mean,delta_macro_f1_ci95,n
ADANN_LightGBM,DA-LGBM,clean,0.7585633714959862,0.12787760491887495,0.10232339464961822,0.7818181818181819,0.08897204191443647,0.0,0.0,6
ADANN_LightGBM,DA-LGBM,20dB,0.6967405052874378,0.13299790172842832,0.10642048539118697,0.7409090909090909,0.09767549579776315,-0.061822866208548405,0.06002179202807864,6
ADANN_LightGBM,DA-LGBM,10dB,0.46516933591336057,0.19620027287115302,0.1569929149368557,0.5257575757575758,0.13987871697913232,-0.2933940355826257,0.11990384694140908,6
ADANN_LightGBM,DA-LGBM,5dB,0.3202109523961679,0.13023047339664898,0.10420608153574382,0.396969696969697,0.09959781013299149,-0.4383524190998184,0.09936057254016548,6
ADANN,ADANN,clean,0.6287655367746198,0.13480642488932382,0.10786760530903876,0.6696969696969696,0.09151293595552087,0.0,0.0,6
ADANN,ADANN,20dB,0.5572530892053446,0.12482098937602686,0.09987759283247112,0.6151515151515151,0.0846650137579702,-0.07151244756927527,0.09112995314976143,6
ADANN,ADANN,10dB,0.2963029463748154,0.10298976582170077,0.08240897583068654,0.38939393939393935,0.07853711609311904,-0.33246259039980436,0.14053748988018644,6
ADANN,ADANN,5dB,0.18238727983071992,0.04314186910094334,0.03452068484343672,0.2590909090909091,0.0352631977130217,-0.4463782569438997,0.12148660501244833,6
LightGBM,LightGBM,clean,0.7216189540718986,0.12294328862206486,0.09837511931176804,0.7409090909090909,0.09278580446189962,0.0,0.0,6
LightGBM,LightGBM,20dB,0.6051269053530357,0.117794844704166,0.09425550619282673,0.6530303030303031,0.08260883518762396,-0.11649204871886289,0.07478882908124397,6
LightGBM,LightGBM,10dB,0.4550154490724154,0.08824002300382686,0.07060672354193635,0.5045454545454545,0.08442509516852723,-0.2666035049994832,0.09495876027238856,6
LightGBM,LightGBM,5dB,0.3363231074738135,0.08017682109359436,0.06415481828672231,0.37575757575757573,0.07210923251665777,-0.3852958465980851,0.0984455183386575,6
