row,filename
0,user_001_gesture_0_Zero_sample_10_20250803_190426.csv
1,user_001_gesture_0_Zero_sample_1_20250803_190357.csv
2,user_001_gesture_0_Zero_sample_2_20250803_190400.csv
3,user_001_gesture_0_Zero_sample_3_20250803_190404.csv
4,user_001_gesture_0_Zero_sample_4_20250803_190407.csv
5,user_001_gesture_0_Zero_sample_5_20250803_190410.csv
6,user_001_gesture_0_Zero_sample_6_20250803_190413.csv
7,user_001_gesture_0_Zero_sample_7_20250803_190417.csv
8,user_001_gesture_0_Zero_sample_8_20250803_190420.csv
9,user_001_gesture_0_Zero_sample_9_20250803_190423.csv
10,user_001_gesture_10_Static_sample_10_20250803_190945.csv
11,user_001_gesture_10_Static_sample_1_20250803_190924.csv
12,user_001_gesture_10_Static_sample_2_20250803_190926.csv
13,user_001_gesture_10_Static_sample_3_20250803_190928.csv
14,user_001_gesture_10_Static_sample_4_20250803_190930.csv
15,user_001_gesture_10_Static_sample_5_20250803_190932.csv
16,user_001_gesture_10_Static_sample_6_20250803_190935.csv
17,user_001_gesture_10_Static_sample_7_20250803_190937.csv
18,user_001_gesture_10_Static_sample_8_20250803_190939.csv
19,user_001_gesture_10_Static_sample_9_20250803_190942.csv
20,user_001_gesture_1_One_sample_10_20250803_190500.csv
21,user_001_gesture_1_One_sample_1_20250803_190432.csv
22,user_001_gesture_1_One_sample_2_20250803_190436.csv
23,user_001_gesture_1_One_sample_3_20250803_190439.csv
24,user_001_gesture_1_One_sample_4_20250803_190442.csv
25,user_001_gesture_1_One_sample_5_20250803_190445.csv
26,user_001_gesture_1_One_sample_6_20250803_190448.csv
27,user_001_gesture_1_One_sample_7_20250803_190451.csv
28,user_001_gesture_1_One_sample_8_20250803_190454.csv
29,user_001_gesture_1_One_sample_9_20250803_190457.csv
30,user_001_gesture_2_Two_sample_10_20250803_190533.csv
31,user_001_gesture_2_Two_sample_1_20250803_190504.csv
32,user_001_gesture_2_Two_sample_2_20250803_190507.csv
33,user_001_gesture_2_Two_sample_3_20250803_190510.csv
34,user_001_gesture_2_Two_sample_4_20250803_190514.csv
35,user_001_gesture_2_Two_sample_5_20250803_190517.csv
36,user_001_gesture_2_Two_sample_6_20250803_190520.csv
37,user_001_gesture_2_Two_sample_7_20250803_190523.csv
38,user_001_gesture_2_Two_sample_8_20250803_190527.csv
39,user_001_gesture_2_Two_sample_9_20250803_190530.csv
40,user_001_gesture_3_Three_sample_10_20250803_190606.csv
41,user_001_gesture_3_Three_sample_1_20250803_190539.csv
42,user_001_gesture_3_Three_sample_2_20250803_190542.csv
43,user_001_gesture_3_Three_sample_3_20250803_190545.csv
44,user_001_gesture_3_Three_sample_4_20250803_190548.csv
45,user_001_gesture_3_Three_sample_5_20250803_190551.csv
46,user_001_gesture_3_Three_sample_6_20250803_190554.csv
47,user_001_gesture_3_Three_sample_7_20250803_190557.csv
48,user_001_gesture_3_Three_sample_8_20250803_190600.csv
49,user_001_gesture_3_Three_sample_9_20250803_190603.csv
50,user_001_gesture_4_Four_sample_10_20250803_190640.csv
51,user_001_gesture_4_Four_sample_1_20250803_190612.csv
52,user_001_gesture_4_Four_sample_2_20250803_190616.csv
53,user_001_gesture_4_Four_sample_3_20250803_190618.csv
54,user_001_gesture_4_Four_sample_4_20250803_190621.csv
55,user_001_gesture_4_Four_sample_5_20250803_190624.csv
56,user_001_gesture_4_Four_sample_6_20250803_190628.csv
57,user_001_gesture_4_Four_sample_7_20250803_190631.csv
58,user_001_gesture_4_Four_sample_8_20250803_190634.csv
59,user_001_gesture_4_Four_sample_9_20250803_190637.csv
60,user_001_gesture_5_Five_sample_10_20250803_190714.csv
61,user_001_gesture_5_Five_sample_1_20250803_190646.csv
62,user_001_gesture_5_Five_sample_2_20250803_190650.csv
63,user_001_gesture_5_Five_sample_3_20250803_190653.csv
64,user_001_gesture_5_Five_sample_4_20250803_190656.csv
65,user_001_gesture_5_Five_sample_5_20250803_190659.csv
66,user_001_gesture_5_Five_sample_6_20250803_190702.csv
67,user_001_gesture_5_Five_sample_7_20250803_190705.csv
68,user_001_gesture_5_Five_sample_8_20250803_190708.csv
69,user_001_gesture_5_Five_sample_9_20250803_190711.csv
70,user_001_gesture_6_Six_sample_10_20250803_190747.csv
71,user_001_gesture_6_Six_sample_1_20250803_190718.csv
72,user_001_gesture_6_Six_sample_2_20250803_190722.csv
73,user_001_gesture_6_Six_sample_3_20250803_190725.csv
74,user_001_gesture_6_Six_sample_4_20250803_190728.csv
75,user_001_gesture_6_Six_sample_5_20250803_190731.csv
76,user_001_gesture_6_Six_sample_6_20250803_190734.csv
77,user_001_gesture_6_Six_sample_7_20250803_190737.csv
78,user_001_gesture_6_Six_sample_8_20250803_190741.csv
79,user_001_gesture_6_Six_sample_9_20250803_190744.csv
80,user_001_gesture_7_Seven_sample_10_20250803_190818.csv
81,user_001_gesture_7_Seven_sample_1_20250803_190750.csv
82,user_001_gesture_7_Seven_sample_2_20250803_190754.csv
83,user_001_gesture_7_Seven_sample_3_20250803_190757.csv
84,user_001_gesture_7_Seven_sample_4_20250803_190800.csv
85,user_001_gesture_7_Seven_sample_5_20250803_190803.csv
86,user_001_gesture_7_Seven_sample_6_20250803_190806.csv
87,user_001_gesture_7_Seven_sample_7_20250803_190809.csv
88,user_001_gesture_7_Seven_sample_8_20250803_190812.csv
89,user_001_gesture_7_Seven_sample_9_20250803_190815.csv
90,user_001_gesture_8_Eight_sample_10_20250803_190847.csv
91,user_001_gesture_8_Eight_sample_1_20250803_190821.csv
92,user_001_gesture_8_Eight_sample_2_20250803_190825.csv
93,user_001_gesture_8_Eight_sample_3_20250803_190828.csv
94,user_001_gesture_8_Eight_sample_4_20250803_190830.csv
95,user_001_gesture_8_Eight_sample_5_20250803_190833.csv
96,user_001_gesture_8_Eight_sample_6_20250803_190836.csv
97,user_001_gesture_8_Eight_sample_7_20250803_190839.csv
98,user_001_gesture_8_Eight_sample_8_20250803_190842.csv
99,user_001_gesture_8_Eight_sample_9_20250803_190845.csv
100,user_001_gesture_9_Nine_sample_10_20250803_190920.csv
101,user_001_gesture_9_Nine_sample_1_20250803_190851.csv
102,user_001_gesture_9_Nine_sample_2_20250803_190854.csv
103,user_001_gesture_9_Nine_sample_3_20250803_190857.csv
104,user_001_gesture_9_Nine_sample_4_20250803_190900.csv
105,user_001_gesture_9_Nine_sample_5_20250803_190904.csv
106,user_001_gesture_9_Nine_sample_6_20250803_190907.csv
107,user_001_gesture_9_Nine_sample_7_20250803_190910.csv
108,user_001_gesture_9_Nine_sample_8_20250803_190912.csv
109,user_001_gesture_9_Nine_sample_9_20250803_190916.csv
110,user_002_gesture_0_Zero_sample_10_20250709_173938.csv
111,user_002_gesture_0_Zero_sample_1_20250709_173909.csv
112,user_002_gesture_0_Zero_sample_2_20250709_173913.csv
113,user_002_gesture_0_Zero_sample_3_20250709_173916.csv
114,user_002_gesture_0_Zero_sample_4_20250709_173920.csv
115,user_002_gesture_0_Zero_sample_5_20250709_173923.csv
116,user_002_gesture_0_Zero_sample_6_20250709_173926.csv
117,user_002_gesture_0_Zero_sample_7_20250709_173930.csv
118,user_002_gesture_0_Zero_sample_8_20250709_173933.csv
119,user_002_gesture_0_Zero_sample_9_20250709_173936.csv
120,user_002_gesture_10_Static_sample_10_20250709_174715.csv
121,user_002_gesture_10_Static_sample_1_20250709_174618.csv
122,user_002_gesture_10_Static_sample_2_20250709_174621.csv
123,user_002_gesture_10_Static_sample_3_20250709_174623.csv
124,user_002_gesture_10_Static_sample_4_20250709_174629.csv
125,user_002_gesture_10_Static_sample_5_20250709_174632.csv
126,user_002_gesture_10_Static_sample_6_20250709_174639.csv
127,user_002_gesture_10_Static_sample_7_20250709_174703.csv
128,user_002_gesture_10_Static_sample_8_20250709_174709.csv
129,user_002_gesture_10_Static_sample_9_20250709_174712.csv
130,user_002_gesture_1_One_sample_10_20250709_174015.csv
131,user_002_gesture_1_One_sample_1_20250709_173948.csv
132,user_002_gesture_1_One_sample_2_20250709_173951.csv
133,user_002_gesture_1_One_sample_3_20250709_173954.csv
134,user_002_gesture_1_One_sample_4_20250709_173958.csv
135,user_002_gesture_1_One_sample_5_20250709_174001.csv
136,user_002_gesture_1_One_sample_6_20250709_174004.csv
137,user_002_gesture_1_One_sample_7_20250709_174007.csv
138,user_002_gesture_1_One_sample_8_20250709_174009.csv
139,user_002_gesture_1_One_sample_9_20250709_174012.csv
140,user_002_gesture_2_Two_sample_10_20250709_174047.csv
141,user_002_gesture_2_Two_sample_1_20250709_174022.csv
142,user_002_gesture_2_Two_sample_2_20250709_174025.csv
143,user_002_gesture_2_Two_sample_3_20250709_174028.csv
144,user_002_gesture_2_Two_sample_4_20250709_174031.csv
145,user_002_gesture_2_Two_sample_5_20250709_174033.csv
146,user_002_gesture_2_Two_sample_6_20250709_174036.csv
147,user_002_gesture_2_Two_sample_7_20250709_174039.csv
148,user_002_gesture_2_Two_sample_8_20250709_174042.csv
149,user_002_gesture_2_Two_sample_9_20250709_174045.csv
150,user_002_gesture_3_Three_sample_10_20250709_174130.csv
151,user_002_gesture_3_Three_sample_1_20250709_174055.csv
152,user_002_gesture_3_Three_sample_2_20250709_174058.csv
153,user_002_gesture_3_Three_sample_3_20250709_174101.csv
154,user_002_gesture_3_Three_sample_4_20250709_174104.csv
155,user_002_gesture_3_Three_sample_5_20250709_174107.csv
156,user_002_gesture_3_Three_sample_6_20250709_174110.csv
157,user_002_gesture_3_Three_sample_7_20250709_174113.csv
158,user_002_gesture_3_Three_sample_8_20250709_174123.csv
159,user_002_gesture_3_Three_sample_9_20250709_174126.csv
160,user_002_gesture_4_Four_sample_10_20250709_174209.csv
161,user_002_gesture_4_Four_sample_1_20250709_174140.csv
162,user_002_gesture_4_Four_sample_2_20250709_174143.csv
163,user_002_gesture_4_Four_sample_3_20250709_174147.csv
164,user_002_gesture_4_Four_sample_4_20250709_174150.csv
165,user_002_gesture_4_Four_sample_5_20250709_174153.csv
166,user_002_gesture_4_Four_sample_6_20250709_174156.csv
167,user_002_gesture_4_Four_sample_7_20250709_174159.csv
168,user_002_gesture_4_Four_sample_8_20250709_174202.csv
169,user_002_gesture_4_Four_sample_9_20250709_174206.csv
170,user_002_gesture_5_Five_sample_10_20250709_174245.csv
171,user_002_gesture_5_Five_sample_1_20250709_174219.csv
172,user_002_gesture_5_Five_sample_2_20250709_174222.csv
173,user_002_gesture_5_Five_sample_3_20250709_174225.csv
174,user_002_gesture_5_Five_sample_4_20250709_174228.csv
175,user_002_gesture_5_Five_sample_5_20250709_174231.csv
176,user_002_gesture_5_Five_sample_6_20250709_174234.csv
177,user_002_gesture_5_Five_sample_7_20250709_174236.csv
178,user_002_gesture_5_Five_sample_8_20250709_174239.csv
179,user_002_gesture_5_Five_sample_9_20250709_174242.csv
180,user_002_gesture_6_Six_sample_10_20250709_174326.csv
181,user_002_gesture_6_Six_sample_1_20250709_174256.csv
182,user_002_gesture_6_Six_sample_2_20250709_174300.csv
183,user_002_gesture_6_Six_sample_3_20250709_174304.csv
184,user_002_gesture_6_Six_sample_4_20250709_174307.csv
185,user_002_gesture_6_Six_sample_5_20250709_174310.csv
186,user_002_gesture_6_Six_sample_6_20250709_174313.csv
187,user_002_gesture_6_Six_sample_7_20250709_174317.csv
188,user_002_gesture_6_Six_sample_8_20250709_174320.csv
189,user_002_gesture_6_Six_sample_9_20250709_174323.csv
190,user_002_gesture_7_Seven_sample_10_20250709_174406.csv
191,user_002_gesture_7_Seven_sample_1_20250709_174335.csv
192,user_002_gesture_7_Seven_sample_2_20250709_174339.csv
193,user_002_gesture_7_Seven_sample_3_20250709_174342.csv
194,user_002_gesture_7_Seven_sample_4_20250709_174345.csv
195,user_002_gesture_7_Seven_sample_5_20250709_174348.csv
196,user_002_gesture_7_Seven_sample_6_20250709_174351.csv
197,user_002_gesture_7_Seven_sample_7_20250709_174355.csv
198,user_002_gesture_7_Seven_sample_8_20250709_174359.csv
199,user_002_gesture_7_Seven_sample_9_20250709_174402.csv
200,user_002_gesture_8_Eight_sample_10_20250709_174518.csv
201,user_002_gesture_8_Eight_sample_1_20250709_174449.csv
202,user_002_gesture_8_Eight_sample_2_20250709_174452.csv
203,user_002_gesture_8_Eight_sample_3_20250709_174455.csv
204,user_002_gesture_8_Eight_sample_4_20250709_174459.csv
205,user_002_gesture_8_Eight_sample_5_20250709_174502.csv
206,user_002_gesture_8_Eight_sample_6_20250709_174505.csv
207,user_002_gesture_8_Eight_sample_7_20250709_174508.csv
208,user_002_gesture_8_Eight_sample_8_20250709_174511.csv
209,user_002_gesture_8_Eight_sample_9_20250709_174514.csv
210,user_002_gesture_9_Nine_sample_10_20250709_174555.csv
211,user_002_gesture_9_Nine_sample_1_20250709_174527.csv
212,user_002_gesture_9_Nine_sample_2_20250709_174530.csv
213,user_002_gesture_9_Nine_sample_3_20250709_174533.csv
214,user_002_gesture_9_Nine_sample_4_20250709_174537.csv
215,user_002_gesture_9_Nine_sample_5_20250709_174540.csv
216,user_002_gesture_9_Nine_sample_6_20250709_174543.csv
217,user_002_gesture_9_Nine_sample_7_20250709_174546.csv
218,user_002_gesture_9_Nine_sample_8_20250709_174549.csv
219,user_002_gesture_9_Nine_sample_9_20250709_174552.csv
220,user_003_gesture_0_Zero_sample_10_20250709_195149.csv
221,user_003_gesture_0_Zero_sample_1_20250709_195116.csv
222,user_003_gesture_0_Zero_sample_2_20250709_195119.csv
223,user_003_gesture_0_Zero_sample_3_20250709_195123.csv
224,user_003_gesture_0_Zero_sample_4_20250709_195127.csv
225,user_003_gesture_0_Zero_sample_5_20250709_195130.csv
226,user_003_gesture_0_Zero_sample_6_20250709_195134.csv
227,user_003_gesture_0_Zero_sample_7_20250709_195138.csv
228,user_003_gesture_0_Zero_sample_8_20250709_195142.csv
229,user_003_gesture_0_Zero_sample_9_20250709_195145.csv
230,user_003_gesture_10_Static_sample_10_20250709_195918.csv
231,user_003_gesture_10_Static_sample_1_20250709_195844.csv
232,user_003_gesture_10_Static_sample_2_20250709_195847.csv
233,user_003_gesture_10_Static_sample_3_20250709_195849.csv
234,user_003_gesture_10_Static_sample_4_20250709_195852.csv
235,user_003_gesture_10_Static_sample_5_20250709_195855.csv
236,user_003_gesture_10_Static_sample_6_20250709_195859.csv
237,user_003_gesture_10_Static_sample_7_20250709_195903.csv
238,user_003_gesture_10_Static_sample_8_20250709_195909.csv
239,user_003_gesture_10_Static_sample_9_20250709_195914.csv
240,user_003_gesture_1_One_sample_10_20250709_195244.csv
241,user_003_gesture_1_One_sample_1_20250709_195213.csv
242,user_003_gesture_1_One_sample_2_20250709_195217.csv
243,user_003_gesture_1_One_sample_3_20250709_195220.csv
244,user_003_gesture_1_One_sample_4_20250709_195223.csv
245,user_003_gesture_1_One_sample_5_20250709_195227.csv
246,user_003_gesture_1_One_sample_6_20250709_195230.csv
247,user_003_gesture_1_One_sample_7_20250709_195234.csv
248,user_003_gesture_1_One_sample_8_20250709_195237.csv
249,user_003_gesture_1_One_sample_9_20250709_195241.csv
250,user_003_gesture_2_Two_sample_10_20250709_195322.csv
251,user_003_gesture_2_Two_sample_1_20250709_195251.csv
252,user_003_gesture_2_Two_sample_2_20250709_195255.csv
253,user_003_gesture_2_Two_sample_3_20250709_195258.csv
254,user_003_gesture_2_Two_sample_4_20250709_195301.csv
255,user_003_gesture_2_Two_sample_5_20250709_195305.csv
256,user_003_gesture_2_Two_sample_6_20250709_195308.csv
257,user_003_gesture_2_Two_sample_7_20250709_195312.csv
258,user_003_gesture_2_Two_sample_8_20250709_195315.csv
259,user_003_gesture_2_Two_sample_9_20250709_195319.csv
260,user_003_gesture_3_Three_sample_10_20250709_195358.csv
261,user_003_gesture_3_Three_sample_1_20250709_195328.csv
262,user_003_gesture_3_Three_sample_2_20250709_195332.csv
263,user_003_gesture_3_Three_sample_3_20250709_195336.csv
264,user_003_gesture_3_Three_sample_4_20250709_195340.csv
265,user_003_gesture_3_Three_sample_5_20250709_195343.csv
266,user_003_gesture_3_Three_sample_6_20250709_195346.csv
267,user_003_gesture_3_Three_sample_7_20250709_195349.csv
268,user_003_gesture_3_Three_sample_8_20250709_195352.csv
269,user_003_gesture_3_Three_sample_9_20250709_195355.csv
270,user_003_gesture_4_Four_sample_10_20250709_195446.csv
271,user_003_gesture_4_Four_sample_1_20250709_195405.csv
272,user_003_gesture_4_Four_sample_2_20250709_195409.csv
273,user_003_gesture_4_Four_sample_3_20250709_195413.csv
274,user_003_gesture_4_Four_sample_4_20250709_195416.csv
275,user_003_gesture_4_Four_sample_5_20250709_195419.csv
276,user_003_gesture_4_Four_sample_6_20250709_195423.csv
277,user_003_gesture_4_Four_sample_7_20250709_195426.csv
278,user_003_gesture_4_Four_sample_8_20250709_195435.csv
279,user_003_gesture_4_Four_sample_9_20250709_195439.csv
280,user_003_gesture_5_Five_sample_10_20250709_195531.csv
281,user_003_gesture_5_Five_sample_1_20250709_195503.csv
282,user_003_gesture_5_Five_sample_2_20250709_195507.csv
283,user_003_gesture_5_Five_sample_3_20250709_195510.csv
284,user_003_gesture_5_Five_sample_4_20250709_195513.csv
285,user_003_gesture_5_Five_sample_5_20250709_195516.csv
286,user_003_gesture_5_Five_sample_6_20250709_195519.csv
287,user_003_gesture_5_Five_sample_7_20250709_195522.csv
288,user_003_gesture_5_Five_sample_8_20250709_195525.csv
289,user_003_gesture_5_Five_sample_9_20250709_195528.csv
290,user_003_gesture_6_Six_sample_10_20250709_195619.csv
291,user_003_gesture_6_Six_sample_1_20250709_195550.csv
292,user_003_gesture_6_Six_sample_2_20250709_195554.csv
293,user_003_gesture_6_Six_sample_3_20250709_195557.csv
294,user_003_gesture_6_Six_sample_4_20250709_195601.csv
295,user_003_gesture_6_Six_sample_5_20250709_195604.csv
296,user_003_gesture_6_Six_sample_6_20250709_195607.csv
297,user_003_gesture_6_Six_sample_7_20250709_195610.csv
298,user_003_gesture_6_Six_sample_8_20250709_195613.csv
299,user_003_gesture_6_Six_sample_9_20250709_195616.csv
300,user_003_gesture_7_Seven_sample_10_20250709_195656.csv
301,user_003_gesture_7_Seven_sample_1_20250709_195626.csv
302,user_003_gesture_7_Seven_sample_2_20250709_195629.csv
303,user_003_gesture_7_Seven_sample_3_20250709_195633.csv
304,user_003_gesture_7_Seven_sample_4_20250709_195636.csv
305,user_003_gesture_7_Seven_sample_5_20250709_195639.csv
306,user_003_gesture_7_Seven_sample_6_20250709_195643.csv
307,user_003_gesture_7_Seven_sample_7_20250709_195646.csv
308,user_003_gesture_7_Seven_sample_8_20250709_195649.csv
309,user_003_gesture_7_Seven_sample_9_20250709_195653.csv
310,user_003_gesture_8_Eight_sample_10_20250709_195734.csv
311,user_003_gesture_8_Eight_sample_1_20250709_195704.csv
312,user_003_gesture_8_Eight_sample_2_20250709_195707.csv
313,user_003_gesture_8_Eight_sample_3_20250709_195711.csv
314,user_003_gesture_8_Eight_sample_4_20250709_195715.csv
315,user_003_gesture_8_Eight_sample_5_20250709_195718.csv
316,user_003_gesture_8_Eight_sample_6_20250709_195721.csv
317,user_003_gesture_8_Eight_sample_7_20250709_195724.csv
318,user_003_gesture_8_Eight_sample_8_20250709_195727.csv
319,user_003_gesture_8_Eight_sample_9_20250709_195731.csv
320,user_003_gesture_9_Nine_sample_10_20250709_195837.csv
321,user_003_gesture_9_Nine_sample_1_20250709_195806.csv
322,user_003_gesture_9_Nine_sample_2_20250709_195813.csv
323,user_003_gesture_9_Nine_sample_3_20250709_195816.csv
324,user_003_gesture_9_Nine_sample_4_20250709_195819.csv
325,user_003_gesture_9_Nine_sample_5_20250709_195822.csv
326,user_003_gesture_9_Nine_sample_6_20250709_195825.csv
327,user_003_gesture_9_Nine_sample_7_20250709_195827.csv
328,user_003_gesture_9_Nine_sample_8_20250709_195830.csv
329,user_003_gesture_9_Nine_sample_9_20250709_195833.csv
330,user_004_gesture_0_Zero_sample_10_20250721_163105.csv
331,user_004_gesture_0_Zero_sample_1_20250721_163014.csv
332,user_004_gesture_0_Zero_sample_2_20250721_163027.csv
333,user_004_gesture_0_Zero_sample_3_20250721_163039.csv
334,user_004_gesture_0_Zero_sample_4_20250721_163043.csv
335,user_004_gesture_0_Zero_sample_5_20250721_163047.csv
336,user_004_gesture_0_Zero_sample_6_20250721_163050.csv
337,user_004_gesture_0_Zero_sample_7_20250721_163053.csv
338,user_004_gesture_0_Zero_sample_8_20250721_163056.csv
339,user_004_gesture_0_Zero_sample_9_20250721_163059.csv
340,user_004_gesture_10_Static_sample_10_20250721_163825.csv
341,user_004_gesture_10_Static_sample_1_20250721_163748.csv
342,user_004_gesture_10_Static_sample_2_20250721_163751.csv
343,user_004_gesture_10_Static_sample_3_20250721_163753.csv
344,user_004_gesture_10_Static_sample_4_20250721_163756.csv
345,user_004_gesture_10_Static_sample_5_20250721_163759.csv
346,user_004_gesture_10_Static_sample_6_20250721_163803.csv
347,user_004_gesture_10_Static_sample_7_20250721_163810.csv
348,user_004_gesture_10_Static_sample_8_20250721_163815.csv
349,user_004_gesture_10_Static_sample_9_20250721_163819.csv
350,user_004_gesture_1_One_sample_10_20250721_163145.csv
351,user_004_gesture_1_One_sample_1_20250721_163116.csv
352,user_004_gesture_1_One_sample_2_20250721_163120.csv
353,user_004_gesture_1_One_sample_3_20250721_163123.csv
354,user_004_gesture_1_One_sample_4_20250721_163126.csv
355,user_004_gesture_1_One_sample_5_20250721_163129.csv
356,user_004_gesture_1_One_sample_6_20250721_163132.csv
357,user_004_gesture_1_One_sample_7_20250721_163135.csv
358,user_004_gesture_1_One_sample_8_20250721_163138.csv
359,user_004_gesture_1_One_sample_9_20250721_163141.csv
360,user_004_gesture_2_Two_sample_10_20250721_163227.csv
361,user_004_gesture_2_Two_sample_1_20250721_163159.csv
362,user_004_gesture_2_Two_sample_2_20250721_163202.csv
363,user_004_gesture_2_Two_sample_3_20250721_163205.csv
364,user_004_gesture_2_Two_sample_4_20250721_163208.csv
365,user_004_gesture_2_Two_sample_5_20250721_163211.csv
366,user_004_gesture_2_Two_sample_6_20250721_163214.csv
367,user_004_gesture_2_Two_sample_7_20250721_163217.csv
368,user_004_gesture_2_Two_sample_8_20250721_163221.csv
369,user_004_gesture_2_Two_sample_9_20250721_163224.csv
370,user_004_gesture_3_Three_sample_10_20250721_163313.csv
371,user_004_gesture_3_Three_sample_1_20250721_163247.csv
372,user_004_gesture_3_Three_sample_2_20250721_163250.csv
373,user_004_gesture_3_Three_sample_3_20250721_163253.csv
374,user_004_gesture_3_Three_sample_4_20250721_163256.csv
375,user_004_gesture_3_Three_sample_5_20250721_163259.csv
376,user_004_gesture_3_Three_sample_6_20250721_163301.csv
377,user_004_gesture_3_Three_sample_7_20250721_163304.csv
378,user_004_gesture_3_Three_sample_8_20250721_163307.csv
379,user_004_gesture_3_Three_sample_9_20250721_163310.csv
380,user_004_gesture_4_Four_sample_10_20250721_163352.csv
381,user_004_gesture_4_Four_sample_1_20250721_163321.csv
382,user_004_gesture_4_Four_sample_2_20250721_163324.csv
383,user_004_gesture_4_Four_sample_3_20250721_163327.csv
384,user_004_gesture_4_Four_sample_4_20250721_163330.csv
385,user_004_gesture_4_Four_sample_5_20250721_163333.csv
386,user_004_gesture_4_Four_sample_6_20250721_163336.csv
387,user_004_gesture_4_Four_sample_7_20250721_163343.csv
388,user_004_gesture_4_Four_sample_8_20250721_163346.csv
389,user_004_gesture_4_Four_sample_9_20250721_163349.csv
390,user_004_gesture_5_Five_sample_10_20250721_163436.csv
391,user_004_gesture_5_Five_sample_1_20250721_163406.csv
392,user_004_gesture_5_Five_sample_2_20250721_163409.csv
393,user_004_gesture_5_Five_sample_3_20250721_163412.csv
394,user_004_gesture_5_Five_sample_4_20250721_163415.csv
395,user_004_gesture_5_Five_sample_5_20250721_163418.csv
396,user_004_gesture_5_Five_sample_6_20250721_163422.csv
397,user_004_gesture_5_Five_sample_7_20250721_163427.csv
398,user_004_gesture_5_Five_sample_8_20250721_163430.csv
399,user_004_gesture_5_Five_sample_9_20250721_163433.csv
400,user_004_gesture_6_Six_sample_10_20250721_163538.csv
401,user_004_gesture_6_Six_sample_1_20250721_163507.csv
402,user_004_gesture_6_Six_sample_2_20250721_163510.csv
403,user_004_gesture_6_Six_sample_3_20250721_163513.csv
404,user_004_gesture_6_Six_sample_4_20250721_163516.csv
405,user_004_gesture_6_Six_sample_5_20250721_163519.csv
406,user_004_gesture_6_Six_sample_6_20250721_163522.csv
407,user_004_gesture_6_Six_sample_7_20250721_163526.csv
408,user_004_gesture_6_Six_sample_8_20250721_163529.csv
409,user_004_gesture_6_Six_sample_9_20250721_163533.csv
410,user_004_gesture_7_Seven_sample_10_20250721_163617.csv
411,user_004_gesture_7_Seven_sample_1_20250721_163547.csv
412,user_004_gesture_7_Seven_sample_2_20250721_163552.csv
413,user_004_gesture_7_Seven_sample_3_20250721_163555.csv
414,user_004_gesture_7_Seven_sample_4_20250721_163600.csv
415,user_004_gesture_7_Seven_sample_5_20250721_163602.csv
416,user_004_gesture_7_Seven_sample_6_20250721_163605.csv
417,user_004_gesture_7_Seven_sample_7_20250721_163608.csv
418,user_004_gesture_7_Seven_sample_8_20250721_163611.csv
419,user_004_gesture_7_Seven_sample_9_20250721_163614.csv
420,user_004_gesture_8_Eight_sample_10_20250721_163656.csv
421,user_004_gesture_8_Eight_sample_1_20250721_163629.csv
422,user_004_gesture_8_Eight_sample_2_20250721_163632.csv
423,user_004_gesture_8_Eight_sample_3_20250721_163635.csv
424,user_004_gesture_8_Eight_sample_4_20250721_163638.csv
425,user_004_gesture_8_Eight_sample_5_20250721_163642.csv
426,user_004_gesture_8_Eight_sample_6_20250721_163645.csv
427,user_004_gesture_8_Eight_sample_7_20250721_163647.csv
428,user_004_gesture_8_Eight_sample_8_20250721_163650.csv
429,user_004_gesture_8_Eight_sample_9_20250721_163653.csv
430,user_004_gesture_9_Nine_sample_10_20250721_163741.csv
431,user_004_gesture_9_Nine_sample_1_20250721_163714.csv
432,user_004_gesture_9_Nine_sample_2_20250721_163717.csv
433,user_004_gesture_9_Nine_sample_3_20250721_163720.csv
434,user_004_gesture_9_Nine_sample_4_20250721_163723.csv
435,user_004_gesture_9_Nine_sample_5_20250721_163726.csv
436,user_004_gesture_9_Nine_sample_6_20250721_163729.csv
437,user_004_gesture_9_Nine_sample_7_20250721_163732.csv
438,user_004_gesture_9_Nine_sample_8_20250721_163735.csv
439,user_004_gesture_9_Nine_sample_9_20250721_163738.csv
440,user_005_gesture_0_Zero_sample_10_20250722_181411.csv
441,user_005_gesture_0_Zero_sample_1_20250722_181342.csv
442,user_005_gesture_0_Zero_sample_2_20250722_181345.csv
443,user_005_gesture_0_Zero_sample_3_20250722_181348.csv
444,user_005_gesture_0_Zero_sample_4_20250722_181351.csv
445,user_005_gesture_0_Zero_sample_5_20250722_181354.csv
446,user_005_gesture_0_Zero_sample_6_20250722_181357.csv
447,user_005_gesture_0_Zero_sample_7_20250722_181400.csv
448,user_005_gesture_0_Zero_sample_8_20250722_181403.csv
449,user_005_gesture_0_Zero_sample_9_20250722_181407.csv
450,user_005_gesture_10_Static_sample_10_20250722_182015.csv
451,user_005_gesture_10_Static_sample_1_20250722_181953.csv
452,user_005_gesture_10_Static_sample_2_20250722_181956.csv
453,user_005_gesture_10_Static_sample_3_20250722_181958.csv
454,user_005_gesture_10_Static_sample_4_20250722_182000.csv
455,user_005_gesture_10_Static_sample_5_20250722_182003.csv
456,user_005_gesture_10_Static_sample_6_20250722_182005.csv
457,user_005_gesture_10_Static_sample_7_20250722_182008.csv
458,user_005_gesture_10_Static_sample_8_20250722_182011.csv
459,user_005_gesture_10_Static_sample_9_20250722_182013.csv
460,user_005_gesture_1_One_sample_10_20250722_181443.csv
461,user_005_gesture_1_One_sample_1_20250722_181416.csv
462,user_005_gesture_1_One_sample_2_20250722_181419.csv
463,user_005_gesture_1_One_sample_3_20250722_181422.csv
464,user_005_gesture_1_One_sample_4_20250722_181425.csv
465,user_005_gesture_1_One_sample_5_20250722_181428.csv
466,user_005_gesture_1_One_sample_6_20250722_181431.csv
467,user_005_gesture_1_One_sample_7_20250722_181434.csv
468,user_005_gesture_1_One_sample_8_20250722_181437.csv
469,user_005_gesture_1_One_sample_9_20250722_181440.csv
470,user_005_gesture_2_Two_sample_10_20250722_181523.csv
471,user_005_gesture_2_Two_sample_1_20250722_181449.csv
472,user_005_gesture_2_Two_sample_2_20250722_181453.csv
473,user_005_gesture_2_Two_sample_3_20250722_181456.csv
474,user_005_gesture_2_Two_sample_4_20250722_181459.csv
475,user_005_gesture_2_Two_sample_5_20250722_181502.csv
476,user_005_gesture_2_Two_sample_6_20250722_181505.csv
477,user_005_gesture_2_Two_sample_7_20250722_181513.csv
478,user_005_gesture_2_Two_sample_8_20250722_181516.csv
479,user_005_gesture_2_Two_sample_9_20250722_181519.csv
480,user_005_gesture_3_Three_sample_10_20250722_181609.csv
481,user_005_gesture_3_Three_sample_1_20250722_181536.csv
482,user_005_gesture_3_Three_sample_2_20250722_181539.csv
483,user_005_gesture_3_Three_sample_3_20250722_181543.csv
484,user_005_gesture_3_Three_sample_4_20250722_181546.csv
485,user_005_gesture_3_Three_sample_5_20250722_181552.csv
486,user_005_gesture_3_Three_sample_6_20250722_181555.csv
487,user_005_gesture_3_Three_sample_7_20250722_181559.csv
488,user_005_gesture_3_Three_sample_8_20250722_181602.csv
489,user_005_gesture_3_Three_sample_9_20250722_181606.csv
490,user_005_gesture_4_Four_sample_10_20250722_181641.csv
491,user_005_gesture_4_Four_sample_1_20250722_181614.csv
492,user_005_gesture_4_Four_sample_2_20250722_181617.csv
493,user_005_gesture_4_Four_sample_3_20250722_181620.csv
494,user_005_gesture_4_Four_sample_4_20250722_181623.csv
495,user_005_gesture_4_Four_sample_5_20250722_181626.csv
496,user_005_gesture_4_Four_sample_6_20250722_181629.csv
497,user_005_gesture_4_Four_sample_7_20250722_181632.csv
498,user_005_gesture_4_Four_sample_8_20250722_181635.csv
499,user_005_gesture_4_Four_sample_9_20250722_181638.csv
500,user_005_gesture_5_Five_sample_10_20250722_181714.csv
501,user_005_gesture_5_Five_sample_1_20250722_181648.csv
502,user_005_gesture_5_Five_sample_2_20250722_181651.csv
503,user_005_gesture_5_Five_sample_3_20250722_181654.csv
504,user_005_gesture_5_Five_sample_4_20250722_181657.csv
505,user_005_gesture_5_Five_sample_5_20250722_181700.csv
506,user_005_gesture_5_Five_sample_6_20250722_181703.csv
507,user_005_gesture_5_Five_sample_7_20250722_181706.csv
508,user_005_gesture_5_Five_sample_8_20250722_181708.csv
509,user_005_gesture_5_Five_sample_9_20250722_181711.csv
510,user_005_gesture_6_Six_sample_10_20250722_181751.csv
511,user_005_gesture_6_Six_sample_1_20250722_181724.csv
512,user_005_gesture_6_Six_sample_2_20250722_181727.csv
513,user_005_gesture_6_Six_sample_3_20250722_181730.csv
514,user_005_gesture_6_Six_sample_4_20250722_181733.csv
515,user_005_gesture_6_Six_sample_5_20250722_181736.csv
516,user_005_gesture_6_Six_sample_6_20250722_181739.csv
517,user_005_gesture_6_Six_sample_7_20250722_181742.csv
518,user_005_gesture_6_Six_sample_8_20250722_181745.csv
519,user_005_gesture_6_Six_sample_9_20250722_181748.csv
520,user_005_gesture_7_Seven_sample_10_20250722_181824.csv
521,user_005_gesture_7_Seven_sample_1_20250722_181757.csv
522,user_005_gesture_7_Seven_sample_2_20250722_181800.csv
523,user_005_gesture_7_Seven_sample_3_20250722_181803.csv
524,user_005_gesture_7_Seven_sample_4_20250722_181806.csv
525,user_005_gesture_7_Seven_sample_5_20250722_181809.csv
526,user_005_gesture_7_Seven_sample_6_20250722_181812.csv
527,user_005_gesture_7_Seven_sample_7_20250722_181815.csv
528,user_005_gesture_7_Seven_sample_8_20250722_181818.csv
529,user_005_gesture_7_Seven_sample_9_20250722_181821.csv
530,user_005_gesture_8_Eight_sample_10_20250722_181911.csv
531,user_005_gesture_8_Eight_sample_1_20250722_181834.csv
532,user_005_gesture_8_Eight_sample_2_20250722_181845.csv
533,user_005_gesture_8_Eight_sample_3_20250722_181849.csv
534,user_005_gesture_8_Eight_sample_4_20250722_181852.csv
535,user_005_gesture_8_Eight_sample_5_20250722_181855.csv
536,user_005_gesture_8_Eight_sample_6_20250722_181858.csv
537,user_005_gesture_8_Eight_sample_7_20250722_181901.csv
538,user_005_gesture_8_Eight_sample_8_20250722_181905.csv
539,user_005_gesture_8_Eight_sample_9_20250722_181908.csv
540,user_005_gesture_9_Nine_sample_10_20250722_181948.csv
541,user_005_gesture_9_Nine_sample_1_20250722_181922.csv
542,user_005_gesture_9_Nine_sample_2_20250722_181925.csv
543,user_005_gesture_9_Nine_sample_3_20250722_181928.csv
544,user_005_gesture_9_Nine_sample_4_20250722_181931.csv
545,user_005_gesture_9_Nine_sample_5_20250722_181934.csv
546,user_005_gesture_9_Nine_sample_6_20250722_181937.csv
547,user_005_gesture_9_Nine_sample_7_20250722_181940.csv
548,user_005_gesture_9_Nine_sample_8_20250722_181943.csv
549,user_005_gesture_9_Nine_sample_9_20250722_181946.csv
550,user_006_gesture_0_Zero_sample_10_20250724_211107.csv
551,user_006_gesture_0_Zero_sample_1_20250724_211018.csv
552,user_006_gesture_0_Zero_sample_2_20250724_211022.csv
553,user_006_gesture_0_Zero_sample_3_20250724_211026.csv
554,user_006_gesture_0_Zero_sample_4_20250724_211035.csv
555,user_006_gesture_0_Zero_sample_5_20250724_211039.csv
556,user_006_gesture_0_Zero_sample_6_20250724_211043.csv
557,user_006_gesture_0_Zero_sample_7_20250724_211057.csv
558,user_006_gesture_0_Zero_sample_8_20250724_211101.csv
559,user_006_gesture_0_Zero_sample_9_20250724_211104.csv
560,user_006_gesture_10_Static_sample_10_20250724_211830.csv
561,user_006_gesture_10_Static_sample_1_20250724_211756.csv
562,user_006_gesture_10_Static_sample_2_20250724_211758.csv
563,user_006_gesture_10_Static_sample_3_20250724_211803.csv
564,user_006_gesture_10_Static_sample_4_20250724_211808.csv
565,user_006_gesture_10_Static_sample_5_20250724_211813.csv
566,user_006_gesture_10_Static_sample_6_20250724_211816.csv
567,user_006_gesture_10_Static_sample_7_20250724_211820.csv
568,user_006_gesture_10_Static_sample_8_20250724_211823.csv
569,user_006_gesture_10_Static_sample_9_20250724_211827.csv
570,user_006_gesture_1_One_sample_10_20250724_211145.csv
571,user_006_gesture_1_One_sample_1_20250724_211115.csv
572,user_006_gesture_1_One_sample_2_20250724_211119.csv
573,user_006_gesture_1_One_sample_3_20250724_211122.csv
574,user_006_gesture_1_One_sample_4_20250724_211126.csv
575,user_006_gesture_1_One_sample_5_20250724_211129.csv
576,user_006_gesture_1_One_sample_6_20250724_211132.csv
577,user_006_gesture_1_One_sample_7_20250724_211135.csv
578,user_006_gesture_1_One_sample_8_20250724_211138.csv
579,user_006_gesture_1_One_sample_9_20250724_211141.csv
580,user_006_gesture_2_Two_sample_10_20250724_211223.csv
581,user_006_gesture_2_Two_sample_1_20250724_211153.csv
582,user_006_gesture_2_Two_sample_2_20250724_211157.csv
583,user_006_gesture_2_Two_sample_3_20250724_211201.csv
584,user_006_gesture_2_Two_sample_4_20250724_211204.csv
585,user_006_gesture_2_Two_sample_5_20250724_211207.csv
586,user_006_gesture_2_Two_sample_6_20250724_211210.csv
587,user_006_gesture_2_Two_sample_7_20250724_211214.csv
588,user_006_gesture_2_Two_sample_8_20250724_211217.csv
589,user_006_gesture_2_Two_sample_9_20250724_211220.csv
590,user_006_gesture_3_Three_sample_10_20250724_211347.csv
591,user_006_gesture_3_Three_sample_1_20250724_211232.csv
592,user_006_gesture_3_Three_sample_2_20250724_211235.csv
593,user_006_gesture_3_Three_sample_3_20250724_211239.csv
594,user_006_gesture_3_Three_sample_4_20250724_211242.csv
595,user_006_gesture_3_Three_sample_5_20250724_211246.csv
596,user_006_gesture_3_Three_sample_6_20250724_211333.csv
597,user_006_gesture_3_Three_sample_7_20250724_211336.csv
598,user_006_gesture_3_Three_sample_8_20250724_211339.csv
599,user_006_gesture_3_Three_sample_9_20250724_211342.csv
600,user_006_gesture_4_Four_sample_10_20250724_211422.csv
601,user_006_gesture_4_Four_sample_1_20250724_211354.csv
602,user_006_gesture_4_Four_sample_2_20250724_211357.csv
603,user_006_gesture_4_Four_sample_3_20250724_211401.csv
604,user_006_gesture_4_Four_sample_4_20250724_211404.csv
605,user_006_gesture_4_Four_sample_5_20250724_211407.csv
606,user_006_gesture_4_Four_sample_6_20250724_211410.csv
607,user_006_gesture_4_Four_sample_7_20250724_211413.csv
608,user_006_gesture_4_Four_sample_8_20250724_211416.csv
609,user_006_gesture_4_Four_sample_9_20250724_211419.csv
610,user_006_gesture_5_Five_sample_10_20250724_211456.csv
611,user_006_gesture_5_Five_sample_1_20250724_211430.csv
612,user_006_gesture_5_Five_sample_2_20250724_211433.csv
613,user_006_gesture_5_Five_sample_3_20250724_211436.csv
614,user_006_gesture_5_Five_sample_4_20250724_211439.csv
615,user_006_gesture_5_Five_sample_5_20250724_211441.csv
616,user_006_gesture_5_Five_sample_6_20250724_211444.csv
617,user_006_gesture_5_Five_sample_7_20250724_211447.csv
618,user_006_gesture_5_Five_sample_8_20250724_211450.csv
619,user_006_gesture_5_Five_sample_9_20250724_211453.csv
620,user_006_gesture_6_Six_sample_10_20250724_211532.csv
621,user_006_gesture_6_Six_sample_1_20250724_211504.csv
622,user_006_gesture_6_Six_sample_2_20250724_211508.csv
623,user_006_gesture_6_Six_sample_3_20250724_211511.csv
624,user_006_gesture_6_Six_sample_4_20250724_211514.csv
625,user_006_gesture_6_Six_sample_5_20250724_211517.csv
626,user_006_gesture_6_Six_sample_6_20250724_211520.csv
627,user_006_gesture_6_Six_sample_7_20250724_211523.csv
628,user_006_gesture_6_Six_sample_8_20250724_211526.csv
629,user_006_gesture_6_Six_sample_9_20250724_211529.csv
630,user_006_gesture_7_Seven_sample_10_20250724_211614.csv
631,user_006_gesture_7_Seven_sample_1_20250724_211540.csv
632,user_006_gesture_7_Seven_sample_2_20250724_211544.csv
633,user_006_gesture_7_Seven_sample_3_20250724_211548.csv
634,user_006_gesture_7_Seven_sample_4_20250724_211553.csv
635,user_006_gesture_7_Seven_sample_5_20250724_211557.csv
636,user_006_gesture_7_Seven_sample_6_20250724_211601.csv
637,user_006_gesture_7_Seven_sample_7_20250724_211604.csv
638,user_006_gesture_7_Seven_sample_8_20250724_211608.csv
639,user_006_gesture_7_Seven_sample_9_20250724_211611.csv
640,user_006_gesture_8_Eight_sample_10_20250724_211650.csv
641,user_006_gesture_8_Eight_sample_1_20250724_211622.csv
642,user_006_gesture_8_Eight_sample_2_20250724_211625.csv
643,user_006_gesture_8_Eight_sample_3_20250724_211628.csv
644,user_006_gesture_8_Eight_sample_4_20250724_211631.csv
645,user_006_gesture_8_Eight_sample_5_20250724_211634.csv
646,user_006_gesture_8_Eight_sample_6_20250724_211637.csv
647,user_006_gesture_8_Eight_sample_7_20250724_211640.csv
648,user_006_gesture_8_Eight_sample_8_20250724_211643.csv
649,user_006_gesture_8_Eight_sample_9_20250724_211646.csv
650,user_006_gesture_9_Nine_sample_10_20250724_211728.csv
651,user_006_gesture_9_Nine_sample_1_20250724_211701.csv
652,user_006_gesture_9_Nine_sample_2_20250724_211704.csv
653,user_006_gesture_9_Nine_sample_3_20250724_211707.csv
654,user_006_gesture_9_Nine_sample_4_20250724_211710.csv
655,user_006_gesture_9_Nine_sample_5_20250724_211713.csv
656,user_006_gesture_9_Nine_sample_6_20250724_211716.csv
657,user_006_gesture_9_Nine_sample_7_20250724_211719.csv
658,user_006_gesture_9_Nine_sample_8_20250724_211722.csv
659,user_006_gesture_9_Nine_sample_9_20250724_211724.csv
