filename,participant_id,class_id,fold,partition,seed
user_006_gesture_8_Eight_sample_7_20250724_211640.csv,6,8,IID,train,42
user_003_gesture_6_Six_sample_1_20250709_195550.csv,3,6,IID,train,42
user_001_gesture_10_Static_sample_2_20250803_190926.csv,1,10,IID,train,42
user_002_gesture_3_Three_sample_1_20250709_174055.csv,2,3,IID,train,42
user_004_gesture_7_Seven_sample_7_20250721_163608.csv,4,7,IID,train,42
user_006_gesture_3_Three_sample_4_20250724_211242.csv,6,3,IID,train,42
user_005_gesture_5_Five_sample_10_20250722_181714.csv,5,5,IID,train,42
user_004_gesture_4_Four_sample_7_20250721_163343.csv,4,4,IID,train,42
user_001_gesture_2_Two_sample_4_20250803_190514.csv,1,2,IID,train,42
user_006_gesture_7_Seven_sample_4_20250724_211553.csv,6,7,IID,train,42
user_004_gesture_3_Three_sample_1_20250721_163247.csv,4,3,IID,train,42
user_003_gesture_1_One_sample_7_20250709_195234.csv,3,1,IID,train,42
user_004_gesture_5_Five_sample_3_20250721_163412.csv,4,5,IID,train,42
user_001_gesture_2_Two_sample_10_20250803_190533.csv,1,2,IID,train,42
user_006_gesture_3_Three_sample_10_20250724_211347.csv,6,3,IID,train,42
user_002_gesture_7_Seven_sample_2_20250709_174339.csv,2,7,IID,train,42
user_006_gesture_0_Zero_sample_6_20250724_211043.csv,6,0,IID,train,42
user_004_gesture_8_Eight_sample_7_20250721_163647.csv,4,8,IID,train,42
user_005_gesture_8_Eight_sample_3_20250722_181849.csv,5,8,IID,train,42
user_004_gesture_7_Seven_sample_10_20250721_163617.csv,4,7,IID,train,42
user_002_gesture_3_Three_sample_4_20250709_174104.csv,2,3,IID,train,42
user_001_gesture_3_Three_sample_2_20250803_190542.csv,1,3,IID,train,42
user_002_gesture_4_Four_sample_8_20250709_174202.csv,2,4,IID,train,42
user_005_gesture_9_Nine_sample_6_20250722_181937.csv,5,9,IID,train,42
user_006_gesture_4_Four_sample_3_20250724_211401.csv,6,4,IID,train,42
user_004_gesture_0_Zero_sample_1_20250721_163014.csv,4,0,IID,train,42
user_006_gesture_9_Nine_sample_6_20250724_211716.csv,6,9,IID,train,42
user_006_gesture_3_Three_sample_6_20250724_211333.csv,6,3,IID,train,42
user_001_gesture_0_Zero_sample_1_20250803_190357.csv,1,0,IID,train,42
user_003_gesture_1_One_sample_6_20250709_195230.csv,3,1,IID,train,42
user_003_gesture_3_Three_sample_8_20250709_195352.csv,3,3,IID,train,42
user_001_gesture_2_Two_sample_9_20250803_190530.csv,1,2,IID,train,42
user_005_gesture_4_Four_sample_10_20250722_181641.csv,5,4,IID,train,42
user_001_gesture_7_Seven_sample_3_20250803_190757.csv,1,7,IID,train,42
user_003_gesture_6_Six_sample_6_20250709_195607.csv,3,6,IID,train,42
user_001_gesture_9_Nine_sample_8_20250803_190912.csv,1,9,IID,train,42
user_006_gesture_4_Four_sample_5_20250724_211407.csv,6,4,IID,train,42
user_006_gesture_1_One_sample_7_20250724_211135.csv,6,1,IID,train,42
user_004_gesture_7_Seven_sample_9_20250721_163614.csv,4,7,IID,train,42
user_006_gesture_10_Static_sample_5_20250724_211813.csv,6,10,IID,train,42
user_002_gesture_3_Three_sample_3_20250709_174101.csv,2,3,IID,train,42
user_004_gesture_1_One_sample_8_20250721_163138.csv,4,1,IID,train,42
user_002_gesture_10_Static_sample_4_20250709_174629.csv,2,10,IID,train,42
user_005_gesture_3_Three_sample_8_20250722_181602.csv,5,3,IID,train,42
user_002_gesture_4_Four_sample_2_20250709_174143.csv,2,4,IID,train,42
user_006_gesture_2_Two_sample_6_20250724_211210.csv,6,2,IID,train,42
user_003_gesture_6_Six_sample_4_20250709_195601.csv,3,6,IID,train,42
user_005_gesture_6_Six_sample_9_20250722_181748.csv,5,6,IID,train,42
user_006_gesture_9_Nine_sample_5_20250724_211713.csv,6,9,IID,train,42
user_002_gesture_6_Six_sample_2_20250709_174300.csv,2,6,IID,train,42
user_006_gesture_6_Six_sample_1_20250724_211504.csv,6,6,IID,train,42
user_005_gesture_8_Eight_sample_2_20250722_181845.csv,5,8,IID,train,42
user_006_gesture_5_Five_sample_9_20250724_211453.csv,6,5,IID,train,42
user_006_gesture_7_Seven_sample_2_20250724_211544.csv,6,7,IID,train,42
user_004_gesture_9_Nine_sample_2_20250721_163717.csv,4,9,IID,train,42
user_006_gesture_10_Static_sample_8_20250724_211823.csv,6,10,IID,train,42
user_001_gesture_3_Three_sample_6_20250803_190554.csv,1,3,IID,train,42
user_004_gesture_3_Three_sample_9_20250721_163310.csv,4,3,IID,train,42
user_001_gesture_7_Seven_sample_6_20250803_190806.csv,1,7,IID,train,42
user_005_gesture_1_One_sample_8_20250722_181437.csv,5,1,IID,train,42
user_001_gesture_8_Eight_sample_6_20250803_190836.csv,1,8,IID,train,42
user_006_gesture_6_Six_sample_3_20250724_211511.csv,6,6,IID,train,42
user_004_gesture_7_Seven_sample_8_20250721_163611.csv,4,7,IID,train,42
user_005_gesture_8_Eight_sample_5_20250722_181855.csv,5,8,IID,train,42
user_003_gesture_4_Four_sample_7_20250709_195426.csv,3,4,IID,train,42
user_004_gesture_3_Three_sample_3_20250721_163253.csv,4,3,IID,train,42
user_001_gesture_1_One_sample_10_20250803_190500.csv,1,1,IID,train,42
user_005_gesture_0_Zero_sample_4_20250722_181351.csv,5,0,IID,train,42
user_004_gesture_7_Seven_sample_1_20250721_163547.csv,4,7,IID,train,42
user_002_gesture_0_Zero_sample_6_20250709_173926.csv,2,0,IID,train,42
user_002_gesture_9_Nine_sample_10_20250709_174555.csv,2,9,IID,train,42
user_003_gesture_4_Four_sample_6_20250709_195423.csv,3,4,IID,train,42
user_005_gesture_8_Eight_sample_7_20250722_181901.csv,5,8,IID,train,42
user_005_gesture_7_Seven_sample_10_20250722_181824.csv,5,7,IID,train,42
user_005_gesture_6_Six_sample_3_20250722_181730.csv,5,6,IID,train,42
user_004_gesture_2_Two_sample_7_20250721_163217.csv,4,2,IID,train,42
user_006_gesture_2_Two_sample_10_20250724_211223.csv,6,2,IID,train,42
user_001_gesture_0_Zero_sample_9_20250803_190423.csv,1,0,IID,train,42
user_003_gesture_5_Five_sample_10_20250709_195531.csv,3,5,IID,train,42
user_001_gesture_6_Six_sample_2_20250803_190722.csv,1,6,IID,train,42
user_005_gesture_7_Seven_sample_6_20250722_181812.csv,5,7,IID,train,42
user_003_gesture_2_Two_sample_9_20250709_195319.csv,3,2,IID,train,42
user_006_gesture_5_Five_sample_8_20250724_211450.csv,6,5,IID,train,42
user_001_gesture_10_Static_sample_1_20250803_190924.csv,1,10,IID,train,42
user_005_gesture_8_Eight_sample_10_20250722_181911.csv,5,8,IID,train,42
user_004_gesture_9_Nine_sample_5_20250721_163726.csv,4,9,IID,train,42
user_004_gesture_5_Five_sample_10_20250721_163436.csv,4,5,IID,train,42
user_001_gesture_10_Static_sample_5_20250803_190932.csv,1,10,IID,train,42
user_004_gesture_2_Two_sample_4_20250721_163208.csv,4,2,IID,train,42
user_003_gesture_10_Static_sample_10_20250709_195918.csv,3,10,IID,train,42
user_003_gesture_10_Static_sample_9_20250709_195914.csv,3,10,IID,train,42
user_004_gesture_1_One_sample_10_20250721_163145.csv,4,1,IID,train,42
user_005_gesture_10_Static_sample_5_20250722_182003.csv,5,10,IID,train,42
user_001_gesture_6_Six_sample_6_20250803_190734.csv,1,6,IID,train,42
user_005_gesture_5_Five_sample_4_20250722_181657.csv,5,5,IID,train,42
user_005_gesture_4_Four_sample_2_20250722_181617.csv,5,4,IID,train,42
user_004_gesture_6_Six_sample_3_20250721_163513.csv,4,6,IID,train,42
user_003_gesture_1_One_sample_4_20250709_195223.csv,3,1,IID,train,42
user_005_gesture_3_Three_sample_2_20250722_181539.csv,5,3,IID,train,42
user_001_gesture_1_One_sample_9_20250803_190457.csv,1,1,IID,train,42
user_005_gesture_4_Four_sample_4_20250722_181623.csv,5,4,IID,train,42
user_001_gesture_5_Five_sample_2_20250803_190650.csv,1,5,IID,train,42
user_002_gesture_1_One_sample_8_20250709_174009.csv,2,1,IID,train,42
user_006_gesture_8_Eight_sample_8_20250724_211643.csv,6,8,IID,train,42
user_006_gesture_6_Six_sample_10_20250724_211532.csv,6,6,IID,train,42
user_002_gesture_10_Static_sample_7_20250709_174703.csv,2,10,IID,train,42
user_003_gesture_5_Five_sample_7_20250709_195522.csv,3,5,IID,train,42
user_001_gesture_5_Five_sample_10_20250803_190714.csv,1,5,IID,train,42
user_004_gesture_8_Eight_sample_5_20250721_163642.csv,4,8,IID,train,42
user_005_gesture_10_Static_sample_8_20250722_182011.csv,5,10,IID,train,42
user_003_gesture_8_Eight_sample_3_20250709_195711.csv,3,8,IID,train,42
user_003_gesture_6_Six_sample_7_20250709_195610.csv,3,6,IID,train,42
user_003_gesture_0_Zero_sample_5_20250709_195130.csv,3,0,IID,train,42
user_005_gesture_4_Four_sample_8_20250722_181635.csv,5,4,IID,train,42
user_004_gesture_10_Static_sample_7_20250721_163810.csv,4,10,IID,train,42
user_005_gesture_4_Four_sample_5_20250722_181626.csv,5,4,IID,train,42
user_002_gesture_6_Six_sample_8_20250709_174320.csv,2,6,IID,train,42
user_002_gesture_6_Six_sample_10_20250709_174326.csv,2,6,IID,train,42
user_004_gesture_0_Zero_sample_5_20250721_163047.csv,4,0,IID,train,42
user_003_gesture_8_Eight_sample_6_20250709_195721.csv,3,8,IID,train,42
user_001_gesture_6_Six_sample_10_20250803_190747.csv,1,6,IID,train,42
user_002_gesture_7_Seven_sample_1_20250709_174335.csv,2,7,IID,train,42
user_002_gesture_1_One_sample_9_20250709_174012.csv,2,1,IID,train,42
user_005_gesture_9_Nine_sample_2_20250722_181925.csv,5,9,IID,train,42
user_005_gesture_6_Six_sample_1_20250722_181724.csv,5,6,IID,train,42
user_005_gesture_2_Two_sample_3_20250722_181456.csv,5,2,IID,train,42
user_006_gesture_9_Nine_sample_8_20250724_211722.csv,6,9,IID,train,42
user_002_gesture_1_One_sample_2_20250709_173951.csv,2,1,IID,train,42
user_003_gesture_10_Static_sample_3_20250709_195849.csv,3,10,IID,train,42
user_001_gesture_9_Nine_sample_9_20250803_190916.csv,1,9,IID,train,42
user_003_gesture_2_Two_sample_1_20250709_195251.csv,3,2,IID,train,42
user_004_gesture_7_Seven_sample_3_20250721_163555.csv,4,7,IID,train,42
user_004_gesture_9_Nine_sample_3_20250721_163720.csv,4,9,IID,train,42
user_002_gesture_9_Nine_sample_8_20250709_174549.csv,2,9,IID,train,42
user_003_gesture_8_Eight_sample_4_20250709_195715.csv,3,8,IID,train,42
user_003_gesture_2_Two_sample_5_20250709_195305.csv,3,2,IID,train,42
user_002_gesture_6_Six_sample_7_20250709_174317.csv,2,6,IID,train,42
user_006_gesture_1_One_sample_6_20250724_211132.csv,6,1,IID,train,42
user_005_gesture_7_Seven_sample_3_20250722_181803.csv,5,7,IID,train,42
user_003_gesture_5_Five_sample_3_20250709_195510.csv,3,5,IID,train,42
user_002_gesture_7_Seven_sample_8_20250709_174359.csv,2,7,IID,train,42
user_004_gesture_4_Four_sample_10_20250721_163352.csv,4,4,IID,train,42
user_005_gesture_9_Nine_sample_7_20250722_181940.csv,5,9,IID,train,42
user_006_gesture_9_Nine_sample_4_20250724_211710.csv,6,9,IID,train,42
user_002_gesture_0_Zero_sample_2_20250709_173913.csv,2,0,IID,train,42
user_004_gesture_8_Eight_sample_9_20250721_163653.csv,4,8,IID,train,42
user_003_gesture_6_Six_sample_9_20250709_195616.csv,3,6,IID,train,42
user_004_gesture_3_Three_sample_7_20250721_163304.csv,4,3,IID,train,42
user_005_gesture_8_Eight_sample_9_20250722_181908.csv,5,8,IID,train,42
user_002_gesture_8_Eight_sample_2_20250709_174452.csv,2,8,IID,train,42
user_003_gesture_4_Four_sample_4_20250709_195416.csv,3,4,IID,train,42
user_005_gesture_2_Two_sample_9_20250722_181519.csv,5,2,IID,train,42
user_005_gesture_5_Five_sample_3_20250722_181654.csv,5,5,IID,train,42
user_004_gesture_2_Two_sample_5_20250721_163211.csv,4,2,IID,train,42
user_005_gesture_7_Seven_sample_5_20250722_181809.csv,5,7,IID,train,42
user_002_gesture_4_Four_sample_1_20250709_174140.csv,2,4,IID,train,42
user_004_gesture_9_Nine_sample_7_20250721_163732.csv,4,9,IID,train,42
user_002_gesture_8_Eight_sample_10_20250709_174518.csv,2,8,IID,train,42
user_002_gesture_2_Two_sample_5_20250709_174033.csv,2,2,IID,train,42
user_001_gesture_6_Six_sample_1_20250803_190718.csv,1,6,IID,train,42
user_003_gesture_6_Six_sample_2_20250709_195554.csv,3,6,IID,train,42
user_006_gesture_5_Five_sample_2_20250724_211433.csv,6,5,IID,train,42
user_002_gesture_9_Nine_sample_3_20250709_174533.csv,2,9,IID,train,42
user_006_gesture_0_Zero_sample_10_20250724_211107.csv,6,0,IID,train,42
user_006_gesture_2_Two_sample_7_20250724_211214.csv,6,2,IID,train,42
user_002_gesture_10_Static_sample_6_20250709_174639.csv,2,10,IID,train,42
user_002_gesture_1_One_sample_5_20250709_174001.csv,2,1,IID,train,42
user_005_gesture_3_Three_sample_4_20250722_181546.csv,5,3,IID,train,42
user_005_gesture_5_Five_sample_2_20250722_181651.csv,5,5,IID,train,42
user_001_gesture_10_Static_sample_9_20250803_190942.csv,1,10,IID,train,42
user_006_gesture_6_Six_sample_4_20250724_211514.csv,6,6,IID,train,42
user_005_gesture_2_Two_sample_5_20250722_181502.csv,5,2,IID,train,42
user_002_gesture_5_Five_sample_4_20250709_174228.csv,2,5,IID,train,42
user_004_gesture_9_Nine_sample_6_20250721_163729.csv,4,9,IID,train,42
user_002_gesture_6_Six_sample_1_20250709_174256.csv,2,6,IID,train,42
user_003_gesture_7_Seven_sample_5_20250709_195639.csv,3,7,IID,train,42
user_001_gesture_8_Eight_sample_8_20250803_190842.csv,1,8,IID,train,42
user_003_gesture_1_One_sample_5_20250709_195227.csv,3,1,IID,train,42
user_004_gesture_3_Three_sample_4_20250721_163256.csv,4,3,IID,train,42
user_001_gesture_5_Five_sample_3_20250803_190653.csv,1,5,IID,train,42
user_002_gesture_9_Nine_sample_9_20250709_174552.csv,2,9,IID,train,42
user_001_gesture_8_Eight_sample_5_20250803_190833.csv,1,8,IID,train,42
user_004_gesture_4_Four_sample_3_20250721_163327.csv,4,4,IID,train,42
user_003_gesture_4_Four_sample_10_20250709_195446.csv,3,4,IID,train,42
user_005_gesture_8_Eight_sample_4_20250722_181852.csv,5,8,IID,train,42
user_005_gesture_1_One_sample_5_20250722_181428.csv,5,1,IID,train,42
user_002_gesture_5_Five_sample_6_20250709_174234.csv,2,5,IID,train,42
user_005_gesture_2_Two_sample_6_20250722_181505.csv,5,2,IID,train,42
user_001_gesture_0_Zero_sample_3_20250803_190404.csv,1,0,IID,train,42
user_003_gesture_0_Zero_sample_4_20250709_195127.csv,3,0,IID,train,42
user_005_gesture_2_Two_sample_2_20250722_181453.csv,5,2,IID,train,42
user_001_gesture_7_Seven_sample_10_20250803_190818.csv,1,7,IID,train,42
user_001_gesture_0_Zero_sample_2_20250803_190400.csv,1,0,IID,train,42
user_003_gesture_7_Seven_sample_2_20250709_195629.csv,3,7,IID,train,42
user_003_gesture_1_One_sample_2_20250709_195217.csv,3,1,IID,train,42
user_005_gesture_10_Static_sample_9_20250722_182013.csv,5,10,IID,train,42
user_002_gesture_2_Two_sample_4_20250709_174031.csv,2,2,IID,train,42
user_002_gesture_2_Two_sample_2_20250709_174025.csv,2,2,IID,train,42
user_004_gesture_7_Seven_sample_4_20250721_163600.csv,4,7,IID,train,42
user_004_gesture_10_Static_sample_3_20250721_163753.csv,4,10,IID,train,42
user_004_gesture_2_Two_sample_9_20250721_163224.csv,4,2,IID,train,42
user_005_gesture_10_Static_sample_4_20250722_182000.csv,5,10,IID,train,42
user_002_gesture_8_Eight_sample_9_20250709_174514.csv,2,8,IID,train,42
user_005_gesture_9_Nine_sample_8_20250722_181943.csv,5,9,IID,train,42
user_002_gesture_0_Zero_sample_3_20250709_173916.csv,2,0,IID,train,42
user_001_gesture_9_Nine_sample_2_20250803_190854.csv,1,9,IID,train,42
user_002_gesture_0_Zero_sample_1_20250709_173909.csv,2,0,IID,train,42
user_005_gesture_2_Two_sample_4_20250722_181459.csv,5,2,IID,train,42
user_006_gesture_9_Nine_sample_1_20250724_211701.csv,6,9,IID,train,42
user_006_gesture_2_Two_sample_1_20250724_211153.csv,6,2,IID,train,42
user_004_gesture_6_Six_sample_1_20250721_163507.csv,4,6,IID,train,42
user_001_gesture_5_Five_sample_6_20250803_190702.csv,1,5,IID,train,42
user_005_gesture_0_Zero_sample_6_20250722_181357.csv,5,0,IID,train,42
user_006_gesture_1_One_sample_3_20250724_211122.csv,6,1,IID,train,42
user_001_gesture_7_Seven_sample_8_20250803_190812.csv,1,7,IID,train,42
user_006_gesture_3_Three_sample_3_20250724_211239.csv,6,3,IID,train,42
user_002_gesture_9_Nine_sample_5_20250709_174540.csv,2,9,IID,train,42
user_005_gesture_10_Static_sample_7_20250722_182008.csv,5,10,IID,train,42
user_001_gesture_2_Two_sample_2_20250803_190507.csv,1,2,IID,train,42
user_002_gesture_4_Four_sample_4_20250709_174150.csv,2,4,IID,train,42
user_002_gesture_6_Six_sample_3_20250709_174304.csv,2,6,IID,train,42
user_002_gesture_6_Six_sample_9_20250709_174323.csv,2,6,IID,train,42
user_005_gesture_0_Zero_sample_3_20250722_181348.csv,5,0,IID,train,42
user_005_gesture_1_One_sample_10_20250722_181443.csv,5,1,IID,train,42
user_003_gesture_2_Two_sample_8_20250709_195315.csv,3,2,IID,train,42
user_006_gesture_8_Eight_sample_2_20250724_211625.csv,6,8,IID,train,42
user_002_gesture_1_One_sample_7_20250709_174007.csv,2,1,IID,train,42
user_005_gesture_0_Zero_sample_5_20250722_181354.csv,5,0,IID,train,42
user_006_gesture_2_Two_sample_3_20250724_211201.csv,6,2,IID,train,42
user_001_gesture_0_Zero_sample_10_20250803_190426.csv,1,0,IID,train,42
user_003_gesture_10_Static_sample_1_20250709_195844.csv,3,10,IID,train,42
user_001_gesture_7_Seven_sample_2_20250803_190754.csv,1,7,IID,train,42
user_003_gesture_9_Nine_sample_1_20250709_195806.csv,3,9,IID,train,42
user_003_gesture_1_One_sample_3_20250709_195220.csv,3,1,IID,train,42
user_006_gesture_3_Three_sample_1_20250724_211232.csv,6,3,IID,train,42
user_004_gesture_0_Zero_sample_6_20250721_163050.csv,4,0,IID,train,42
user_003_gesture_3_Three_sample_1_20250709_195328.csv,3,3,IID,train,42
user_003_gesture_8_Eight_sample_10_20250709_195734.csv,3,8,IID,train,42
user_004_gesture_10_Static_sample_9_20250721_163819.csv,4,10,IID,train,42
user_004_gesture_0_Zero_sample_10_20250721_163105.csv,4,0,IID,train,42
user_004_gesture_1_One_sample_2_20250721_163120.csv,4,1,IID,train,42
user_002_gesture_0_Zero_sample_9_20250709_173936.csv,2,0,IID,train,42
user_003_gesture_9_Nine_sample_7_20250709_195827.csv,3,9,IID,train,42
user_001_gesture_3_Three_sample_4_20250803_190548.csv,1,3,IID,train,42
user_003_gesture_8_Eight_sample_2_20250709_195707.csv,3,8,IID,train,42
user_006_gesture_5_Five_sample_7_20250724_211447.csv,6,5,IID,train,42
user_002_gesture_10_Static_sample_9_20250709_174712.csv,2,10,IID,train,42
user_006_gesture_2_Two_sample_5_20250724_211207.csv,6,2,IID,train,42
user_003_gesture_7_Seven_sample_3_20250709_195633.csv,3,7,IID,train,42
user_004_gesture_0_Zero_sample_2_20250721_163027.csv,4,0,IID,train,42
user_003_gesture_1_One_sample_10_20250709_195244.csv,3,1,IID,train,42
user_001_gesture_8_Eight_sample_1_20250803_190821.csv,1,8,IID,train,42
user_001_gesture_4_Four_sample_1_20250803_190612.csv,1,4,IID,train,42
user_001_gesture_6_Six_sample_4_20250803_190728.csv,1,6,IID,train,42
user_006_gesture_6_Six_sample_7_20250724_211523.csv,6,6,IID,train,42
user_001_gesture_5_Five_sample_7_20250803_190705.csv,1,5,IID,train,42
user_001_gesture_5_Five_sample_1_20250803_190646.csv,1,5,IID,train,42
user_005_gesture_5_Five_sample_9_20250722_181711.csv,5,5,IID,train,42
user_006_gesture_8_Eight_sample_1_20250724_211622.csv,6,8,IID,train,42
user_003_gesture_10_Static_sample_8_20250709_195909.csv,3,10,IID,train,42
user_004_gesture_5_Five_sample_6_20250721_163422.csv,4,5,IID,train,42
user_001_gesture_1_One_sample_2_20250803_190436.csv,1,1,IID,train,42
user_002_gesture_8_Eight_sample_7_20250709_174508.csv,2,8,IID,train,42
user_003_gesture_0_Zero_sample_3_20250709_195123.csv,3,0,IID,train,42
user_003_gesture_4_Four_sample_9_20250709_195439.csv,3,4,IID,train,42
user_001_gesture_9_Nine_sample_5_20250803_190904.csv,1,9,IID,train,42
user_006_gesture_8_Eight_sample_4_20250724_211631.csv,6,8,IID,train,42
user_001_gesture_10_Static_sample_10_20250803_190945.csv,1,10,IID,train,42
user_002_gesture_7_Seven_sample_10_20250709_174406.csv,2,7,IID,train,42
user_004_gesture_8_Eight_sample_1_20250721_163629.csv,4,8,IID,train,42
user_005_gesture_0_Zero_sample_10_20250722_181411.csv,5,0,IID,train,42
user_003_gesture_4_Four_sample_2_20250709_195409.csv,3,4,IID,train,42
user_002_gesture_7_Seven_sample_5_20250709_174348.csv,2,7,IID,train,42
user_001_gesture_10_Static_sample_7_20250803_190937.csv,1,10,IID,train,42
user_005_gesture_0_Zero_sample_1_20250722_181342.csv,5,0,IID,train,42
user_001_gesture_9_Nine_sample_10_20250803_190920.csv,1,9,IID,train,42
user_001_gesture_6_Six_sample_9_20250803_190744.csv,1,6,IID,train,42
user_005_gesture_1_One_sample_4_20250722_181425.csv,5,1,IID,train,42
user_002_gesture_7_Seven_sample_7_20250709_174355.csv,2,7,IID,train,42
user_003_gesture_3_Three_sample_10_20250709_195358.csv,3,3,IID,train,42
user_001_gesture_0_Zero_sample_5_20250803_190410.csv,1,0,IID,train,42
user_006_gesture_9_Nine_sample_3_20250724_211707.csv,6,9,IID,train,42
user_004_gesture_1_One_sample_7_20250721_163135.csv,4,1,IID,train,42
user_002_gesture_0_Zero_sample_5_20250709_173923.csv,2,0,IID,train,42
user_004_gesture_3_Three_sample_10_20250721_163313.csv,4,3,IID,train,42
user_005_gesture_10_Static_sample_1_20250722_181953.csv,5,10,IID,train,42
user_002_gesture_10_Static_sample_10_20250709_174715.csv,2,10,IID,train,42
user_005_gesture_5_Five_sample_1_20250722_181648.csv,5,5,IID,train,42
user_001_gesture_8_Eight_sample_3_20250803_190828.csv,1,8,IID,train,42
user_001_gesture_5_Five_sample_8_20250803_190708.csv,1,5,IID,train,42
user_006_gesture_5_Five_sample_4_20250724_211439.csv,6,5,IID,train,42
user_004_gesture_2_Two_sample_8_20250721_163221.csv,4,2,IID,train,42
user_001_gesture_3_Three_sample_9_20250803_190603.csv,1,3,IID,train,42
user_006_gesture_7_Seven_sample_3_20250724_211548.csv,6,7,IID,train,42
user_001_gesture_4_Four_sample_10_20250803_190640.csv,1,4,IID,train,42
user_002_gesture_8_Eight_sample_4_20250709_174459.csv,2,8,IID,train,42
user_002_gesture_1_One_sample_4_20250709_173958.csv,2,1,IID,train,42
user_001_gesture_7_Seven_sample_9_20250803_190815.csv,1,7,IID,train,42
user_006_gesture_3_Three_sample_5_20250724_211246.csv,6,3,IID,train,42
user_006_gesture_3_Three_sample_2_20250724_211235.csv,6,3,IID,train,42
user_006_gesture_4_Four_sample_1_20250724_211354.csv,6,4,IID,train,42
user_004_gesture_10_Static_sample_5_20250721_163759.csv,4,10,IID,train,42
user_002_gesture_0_Zero_sample_7_20250709_173930.csv,2,0,IID,train,42
user_002_gesture_3_Three_sample_7_20250709_174113.csv,2,3,IID,train,42
user_002_gesture_1_One_sample_10_20250709_174015.csv,2,1,IID,train,42
user_006_gesture_8_Eight_sample_9_20250724_211646.csv,6,8,IID,train,42
user_002_gesture_5_Five_sample_3_20250709_174225.csv,2,5,IID,train,42
user_004_gesture_6_Six_sample_7_20250721_163526.csv,4,6,IID,train,42
user_004_gesture_8_Eight_sample_4_20250721_163638.csv,4,8,IID,train,42
user_004_gesture_4_Four_sample_4_20250721_163330.csv,4,4,IID,train,42
user_001_gesture_3_Three_sample_8_20250803_190600.csv,1,3,IID,train,42
user_005_gesture_9_Nine_sample_3_20250722_181928.csv,5,9,IID,train,42
user_001_gesture_9_Nine_sample_4_20250803_190900.csv,1,9,IID,train,42
user_002_gesture_5_Five_sample_10_20250709_174245.csv,2,5,IID,train,42
user_006_gesture_2_Two_sample_2_20250724_211157.csv,6,2,IID,train,42
user_006_gesture_4_Four_sample_7_20250724_211413.csv,6,4,IID,train,42
user_002_gesture_4_Four_sample_3_20250709_174147.csv,2,4,IID,train,42
user_006_gesture_7_Seven_sample_7_20250724_211604.csv,6,7,IID,train,42
user_006_gesture_6_Six_sample_8_20250724_211526.csv,6,6,IID,train,42
user_006_gesture_1_One_sample_8_20250724_211138.csv,6,1,IID,train,42
user_003_gesture_7_Seven_sample_7_20250709_195646.csv,3,7,IID,train,42
user_001_gesture_3_Three_sample_5_20250803_190551.csv,1,3,IID,train,42
user_001_gesture_7_Seven_sample_7_20250803_190809.csv,1,7,IID,train,42
user_003_gesture_9_Nine_sample_10_20250709_195837.csv,3,9,IID,train,42
user_003_gesture_3_Three_sample_2_20250709_195332.csv,3,3,IID,train,42
user_006_gesture_8_Eight_sample_5_20250724_211634.csv,6,8,IID,train,42
user_005_gesture_3_Three_sample_6_20250722_181555.csv,5,3,IID,train,42
user_004_gesture_4_Four_sample_9_20250721_163349.csv,4,4,IID,train,42
user_006_gesture_0_Zero_sample_3_20250724_211026.csv,6,0,IID,train,42
user_003_gesture_0_Zero_sample_6_20250709_195134.csv,3,0,IID,train,42
user_003_gesture_5_Five_sample_5_20250709_195516.csv,3,5,IID,train,42
user_002_gesture_9_Nine_sample_4_20250709_174537.csv,2,9,IID,train,42
user_003_gesture_7_Seven_sample_8_20250709_195649.csv,3,7,IID,train,42
user_001_gesture_4_Four_sample_4_20250803_190621.csv,1,4,IID,train,42
user_004_gesture_4_Four_sample_8_20250721_163346.csv,4,4,IID,train,42
user_003_gesture_3_Three_sample_3_20250709_195336.csv,3,3,IID,train,42
user_001_gesture_4_Four_sample_9_20250803_190637.csv,1,4,IID,train,42
user_006_gesture_0_Zero_sample_4_20250724_211035.csv,6,0,IID,train,42
user_005_gesture_5_Five_sample_6_20250722_181703.csv,5,5,IID,train,42
user_005_gesture_6_Six_sample_7_20250722_181742.csv,5,6,IID,train,42
user_006_gesture_1_One_sample_1_20250724_211115.csv,6,1,IID,train,42
user_003_gesture_0_Zero_sample_9_20250709_195145.csv,3,0,IID,train,42
user_003_gesture_9_Nine_sample_3_20250709_195816.csv,3,9,IID,train,42
user_003_gesture_6_Six_sample_5_20250709_195604.csv,3,6,IID,train,42
user_002_gesture_3_Three_sample_2_20250709_174058.csv,2,3,IID,train,42
user_005_gesture_8_Eight_sample_1_20250722_181834.csv,5,8,IID,train,42
user_006_gesture_6_Six_sample_5_20250724_211517.csv,6,6,IID,train,42
user_006_gesture_5_Five_sample_10_20250724_211456.csv,6,5,IID,train,42
user_002_gesture_5_Five_sample_2_20250709_174222.csv,2,5,IID,train,42
user_006_gesture_4_Four_sample_9_20250724_211419.csv,6,4,IID,train,42
user_002_gesture_3_Three_sample_6_20250709_174110.csv,2,3,IID,train,42
user_005_gesture_3_Three_sample_7_20250722_181559.csv,5,3,IID,train,42
user_001_gesture_10_Static_sample_3_20250803_190928.csv,1,10,IID,train,42
user_001_gesture_4_Four_sample_3_20250803_190618.csv,1,4,IID,train,42
user_001_gesture_1_One_sample_8_20250803_190454.csv,1,1,IID,train,42
user_005_gesture_4_Four_sample_1_20250722_181614.csv,5,4,IID,train,42
user_004_gesture_2_Two_sample_1_20250721_163159.csv,4,2,IID,train,42
user_004_gesture_0_Zero_sample_9_20250721_163059.csv,4,0,IID,train,42
user_003_gesture_1_One_sample_9_20250709_195241.csv,3,1,IID,train,42
user_002_gesture_9_Nine_sample_7_20250709_174546.csv,2,9,IID,train,42
user_006_gesture_10_Static_sample_9_20250724_211827.csv,6,10,IID,train,42
user_006_gesture_1_One_sample_9_20250724_211141.csv,6,1,IID,train,42
user_004_gesture_0_Zero_sample_3_20250721_163039.csv,4,0,IID,train,42
user_005_gesture_10_Static_sample_3_20250722_181958.csv,5,10,IID,train,42
user_006_gesture_1_One_sample_5_20250724_211129.csv,6,1,IID,train,42
user_001_gesture_3_Three_sample_1_20250803_190539.csv,1,3,IID,train,42
user_002_gesture_8_Eight_sample_1_20250709_174449.csv,2,8,IID,train,42
user_004_gesture_1_One_sample_1_20250721_163116.csv,4,1,IID,train,42
user_006_gesture_5_Five_sample_6_20250724_211444.csv,6,5,IID,train,42
user_001_gesture_5_Five_sample_4_20250803_190656.csv,1,5,IID,train,42
user_003_gesture_7_Seven_sample_6_20250709_195643.csv,3,7,IID,train,42
user_004_gesture_6_Six_sample_9_20250721_163533.csv,4,6,IID,train,42
user_006_gesture_1_One_sample_10_20250724_211145.csv,6,1,IID,train,42
user_002_gesture_6_Six_sample_5_20250709_174310.csv,2,6,IID,train,42
user_001_gesture_2_Two_sample_3_20250803_190510.csv,1,2,IID,train,42
user_004_gesture_10_Static_sample_2_20250721_163751.csv,4,10,IID,train,42
user_005_gesture_0_Zero_sample_8_20250722_181403.csv,5,0,IID,train,42
user_003_gesture_4_Four_sample_5_20250709_195419.csv,3,4,IID,train,42
user_001_gesture_8_Eight_sample_2_20250803_190825.csv,1,8,IID,train,42
user_006_gesture_10_Static_sample_7_20250724_211820.csv,6,10,IID,train,42
user_001_gesture_9_Nine_sample_3_20250803_190857.csv,1,9,IID,train,42
user_006_gesture_2_Two_sample_4_20250724_211204.csv,6,2,IID,train,42
user_002_gesture_1_One_sample_1_20250709_173948.csv,2,1,IID,train,42
user_005_gesture_10_Static_sample_2_20250722_181956.csv,5,10,IID,train,42
user_003_gesture_7_Seven_sample_10_20250709_195656.csv,3,7,IID,train,42
user_006_gesture_7_Seven_sample_8_20250724_211608.csv,6,7,IID,train,42
user_004_gesture_9_Nine_sample_9_20250721_163738.csv,4,9,IID,train,42
user_006_gesture_9_Nine_sample_9_20250724_211724.csv,6,9,IID,train,42
user_004_gesture_10_Static_sample_1_20250721_163748.csv,4,10,IID,train,42
user_001_gesture_7_Seven_sample_1_20250803_190750.csv,1,7,IID,train,42
user_006_gesture_0_Zero_sample_5_20250724_211039.csv,6,0,IID,train,42
user_005_gesture_4_Four_sample_3_20250722_181620.csv,5,4,IID,train,42
user_003_gesture_9_Nine_sample_4_20250709_195819.csv,3,9,IID,train,42
user_003_gesture_6_Six_sample_10_20250709_195619.csv,3,6,IID,train,42
user_001_gesture_0_Zero_sample_8_20250803_190420.csv,1,0,IID,train,42
user_002_gesture_5_Five_sample_1_20250709_174219.csv,2,5,IID,train,42
user_005_gesture_4_Four_sample_6_20250722_181629.csv,5,4,IID,train,42
user_001_gesture_3_Three_sample_3_20250803_190545.csv,1,3,IID,train,42
user_005_gesture_3_Three_sample_1_20250722_181536.csv,5,3,IID,train,42
user_002_gesture_2_Two_sample_8_20250709_174042.csv,2,2,IID,train,42
user_004_gesture_0_Zero_sample_4_20250721_163043.csv,4,0,IID,train,42
user_005_gesture_2_Two_sample_1_20250722_181449.csv,5,2,IID,train,42
user_002_gesture_4_Four_sample_7_20250709_174159.csv,2,4,IID,train,42
user_002_gesture_5_Five_sample_5_20250709_174231.csv,2,5,IID,train,42
user_003_gesture_5_Five_sample_6_20250709_195519.csv,3,5,IID,train,42
user_005_gesture_9_Nine_sample_4_20250722_181931.csv,5,9,IID,train,42
user_004_gesture_10_Static_sample_6_20250721_163803.csv,4,10,IID,train,42
user_006_gesture_4_Four_sample_8_20250724_211416.csv,6,4,IID,train,42
user_002_gesture_6_Six_sample_4_20250709_174307.csv,2,6,IID,train,42
user_002_gesture_7_Seven_sample_9_20250709_174402.csv,2,7,IID,train,42
user_003_gesture_5_Five_sample_1_20250709_195503.csv,3,5,IID,train,42
user_002_gesture_9_Nine_sample_2_20250709_174530.csv,2,9,IID,train,42
user_006_gesture_10_Static_sample_6_20250724_211816.csv,6,10,IID,train,42
user_003_gesture_1_One_sample_8_20250709_195237.csv,3,1,IID,train,42
user_004_gesture_2_Two_sample_10_20250721_163227.csv,4,2,IID,train,42
user_001_gesture_8_Eight_sample_7_20250803_190839.csv,1,8,IID,train,42
user_004_gesture_5_Five_sample_8_20250721_163430.csv,4,5,IID,train,42
user_006_gesture_10_Static_sample_10_20250724_211830.csv,6,10,IID,train,42
user_002_gesture_2_Two_sample_6_20250709_174036.csv,2,2,IID,train,42
user_003_gesture_2_Two_sample_10_20250709_195322.csv,3,2,IID,train,42
user_003_gesture_10_Static_sample_2_20250709_195847.csv,3,10,IID,train,42
user_003_gesture_2_Two_sample_6_20250709_195308.csv,3,2,IID,train,42
user_003_gesture_10_Static_sample_6_20250709_195859.csv,3,10,IID,validation,42
user_005_gesture_4_Four_sample_9_20250722_181638.csv,5,4,IID,validation,42
user_005_gesture_6_Six_sample_6_20250722_181739.csv,5,6,IID,validation,42
user_003_gesture_2_Two_sample_4_20250709_195301.csv,3,2,IID,validation,42
user_001_gesture_9_Nine_sample_6_20250803_190907.csv,1,9,IID,validation,42
user_001_gesture_10_Static_sample_6_20250803_190935.csv,1,10,IID,validation,42
user_006_gesture_9_Nine_sample_7_20250724_211719.csv,6,9,IID,validation,42
user_003_gesture_7_Seven_sample_9_20250709_195653.csv,3,7,IID,validation,42
user_004_gesture_4_Four_sample_1_20250721_163321.csv,4,4,IID,validation,42
user_006_gesture_3_Three_sample_7_20250724_211336.csv,6,3,IID,validation,42
user_001_gesture_7_Seven_sample_4_20250803_190800.csv,1,7,IID,validation,42
user_002_gesture_7_Seven_sample_6_20250709_174351.csv,2,7,IID,validation,42
user_006_gesture_4_Four_sample_4_20250724_211404.csv,6,4,IID,validation,42
user_005_gesture_1_One_sample_1_20250722_181416.csv,5,1,IID,validation,42
user_003_gesture_9_Nine_sample_6_20250709_195825.csv,3,9,IID,validation,42
user_004_gesture_8_Eight_sample_3_20250721_163635.csv,4,8,IID,validation,42
user_004_gesture_6_Six_sample_2_20250721_163510.csv,4,6,IID,validation,42
user_002_gesture_4_Four_sample_6_20250709_174156.csv,2,4,IID,validation,42
user_002_gesture_8_Eight_sample_6_20250709_174505.csv,2,8,IID,validation,42
user_006_gesture_7_Seven_sample_5_20250724_211557.csv,6,7,IID,validation,42
user_005_gesture_5_Five_sample_8_20250722_181708.csv,5,5,IID,validation,42
user_004_gesture_6_Six_sample_8_20250721_163529.csv,4,6,IID,validation,42
user_003_gesture_0_Zero_sample_7_20250709_195138.csv,3,0,IID,validation,42
user_005_gesture_2_Two_sample_8_20250722_181516.csv,5,2,IID,validation,42
user_003_gesture_5_Five_sample_9_20250709_195528.csv,3,5,IID,validation,42
user_004_gesture_1_One_sample_3_20250721_163123.csv,4,1,IID,validation,42
user_005_gesture_3_Three_sample_10_20250722_181609.csv,5,3,IID,validation,42
user_002_gesture_8_Eight_sample_8_20250709_174511.csv,2,8,IID,validation,42
user_002_gesture_7_Seven_sample_3_20250709_174342.csv,2,7,IID,validation,42
user_002_gesture_2_Two_sample_9_20250709_174045.csv,2,2,IID,validation,42
user_006_gesture_0_Zero_sample_2_20250724_211022.csv,6,0,IID,validation,42
user_005_gesture_3_Three_sample_9_20250722_181606.csv,5,3,IID,validation,42
user_004_gesture_10_Static_sample_8_20250721_163815.csv,4,10,IID,validation,42
user_005_gesture_9_Nine_sample_10_20250722_181948.csv,5,9,IID,validation,42
user_005_gesture_9_Nine_sample_1_20250722_181922.csv,5,9,IID,validation,42
user_005_gesture_6_Six_sample_4_20250722_181733.csv,5,6,IID,validation,42
user_006_gesture_2_Two_sample_8_20250724_211217.csv,6,2,IID,validation,42
user_001_gesture_6_Six_sample_3_20250803_190725.csv,1,6,IID,validation,42
user_001_gesture_6_Six_sample_7_20250803_190737.csv,1,6,IID,validation,42
user_002_gesture_5_Five_sample_8_20250709_174239.csv,2,5,IID,validation,42
user_004_gesture_8_Eight_sample_10_20250721_163656.csv,4,8,IID,validation,42
user_001_gesture_4_Four_sample_6_20250803_190628.csv,1,4,IID,validation,42
user_003_gesture_5_Five_sample_2_20250709_195507.csv,3,5,IID,validation,42
user_006_gesture_10_Static_sample_3_20250724_211803.csv,6,10,IID,validation,42
user_001_gesture_2_Two_sample_5_20250803_190517.csv,1,2,IID,validation,42
user_002_gesture_2_Two_sample_7_20250709_174039.csv,2,2,IID,validation,42
user_004_gesture_7_Seven_sample_2_20250721_163552.csv,4,7,IID,validation,42
user_003_gesture_9_Nine_sample_9_20250709_195833.csv,3,9,IID,validation,42
user_006_gesture_5_Five_sample_1_20250724_211430.csv,6,5,IID,validation,42
user_001_gesture_10_Static_sample_8_20250803_190939.csv,1,10,IID,validation,42
user_004_gesture_9_Nine_sample_8_20250721_163735.csv,4,9,IID,validation,42
user_004_gesture_3_Three_sample_5_20250721_163259.csv,4,3,IID,validation,42
user_005_gesture_10_Static_sample_10_20250722_182015.csv,5,10,IID,validation,42
user_006_gesture_8_Eight_sample_6_20250724_211637.csv,6,8,IID,validation,42
user_004_gesture_5_Five_sample_1_20250721_163406.csv,4,5,IID,validation,42
user_006_gesture_9_Nine_sample_2_20250724_211704.csv,6,9,IID,validation,42
user_001_gesture_8_Eight_sample_9_20250803_190845.csv,1,8,IID,validation,42
user_005_gesture_7_Seven_sample_7_20250722_181815.csv,5,7,IID,validation,42
user_001_gesture_8_Eight_sample_10_20250803_190847.csv,1,8,IID,validation,42
user_003_gesture_4_Four_sample_3_20250709_195413.csv,3,4,IID,validation,42
user_003_gesture_3_Three_sample_5_20250709_195343.csv,3,3,IID,validation,42
user_002_gesture_3_Three_sample_8_20250709_174123.csv,2,3,IID,validation,42
user_002_gesture_3_Three_sample_5_20250709_174107.csv,2,3,IID,validation,42
user_004_gesture_5_Five_sample_2_20250721_163409.csv,4,5,IID,validation,42
user_004_gesture_8_Eight_sample_8_20250721_163650.csv,4,8,IID,validation,42
user_002_gesture_2_Two_sample_10_20250709_174047.csv,2,2,IID,validation,42
user_004_gesture_1_One_sample_6_20250721_163132.csv,4,1,IID,validation,42
user_001_gesture_0_Zero_sample_6_20250803_190413.csv,1,0,IID,validation,42
user_001_gesture_1_One_sample_5_20250803_190445.csv,1,1,IID,validation,42
user_005_gesture_6_Six_sample_2_20250722_181727.csv,5,6,IID,validation,42
user_002_gesture_6_Six_sample_6_20250709_174313.csv,2,6,IID,validation,42
user_005_gesture_7_Seven_sample_9_20250722_181821.csv,5,7,IID,validation,42
user_006_gesture_4_Four_sample_2_20250724_211357.csv,6,4,IID,validation,42
user_005_gesture_1_One_sample_7_20250722_181434.csv,5,1,IID,validation,42
user_001_gesture_0_Zero_sample_4_20250803_190407.csv,1,0,IID,validation,42
user_006_gesture_10_Static_sample_4_20250724_211808.csv,6,10,IID,validation,42
user_004_gesture_8_Eight_sample_2_20250721_163632.csv,4,8,IID,validation,42
user_002_gesture_2_Two_sample_3_20250709_174028.csv,2,2,IID,validation,42
user_003_gesture_10_Static_sample_5_20250709_195855.csv,3,10,IID,validation,42
user_006_gesture_1_One_sample_4_20250724_211126.csv,6,1,IID,validation,42
user_001_gesture_5_Five_sample_5_20250803_190659.csv,1,5,IID,validation,42
user_004_gesture_0_Zero_sample_7_20250721_163053.csv,4,0,IID,validation,42
user_005_gesture_3_Three_sample_5_20250722_181552.csv,5,3,IID,validation,42
user_005_gesture_0_Zero_sample_7_20250722_181400.csv,5,0,IID,validation,42
user_004_gesture_7_Seven_sample_5_20250721_163602.csv,4,7,IID,validation,42
user_005_gesture_1_One_sample_2_20250722_181419.csv,5,1,IID,validation,42
user_004_gesture_3_Three_sample_6_20250721_163301.csv,4,3,IID,validation,42
user_001_gesture_3_Three_sample_7_20250803_190557.csv,1,3,IID,validation,42
user_001_gesture_6_Six_sample_8_20250803_190741.csv,1,6,IID,validation,42
user_003_gesture_1_One_sample_1_20250709_195213.csv,3,1,IID,validation,42
user_004_gesture_9_Nine_sample_1_20250721_163714.csv,4,9,IID,validation,42
user_003_gesture_0_Zero_sample_1_20250709_195116.csv,3,0,IID,validation,42
user_004_gesture_4_Four_sample_6_20250721_163336.csv,4,4,IID,validation,42
user_001_gesture_1_One_sample_4_20250803_190442.csv,1,1,IID,validation,42
user_006_gesture_2_Two_sample_9_20250724_211220.csv,6,2,IID,validation,42
user_006_gesture_8_Eight_sample_3_20250724_211628.csv,6,8,IID,validation,42
user_006_gesture_1_One_sample_2_20250724_211119.csv,6,1,IID,validation,42
user_004_gesture_6_Six_sample_5_20250721_163519.csv,4,6,IID,validation,42
user_002_gesture_10_Static_sample_2_20250709_174621.csv,2,10,IID,validation,42
user_005_gesture_7_Seven_sample_4_20250722_181806.csv,5,7,IID,validation,42
user_006_gesture_0_Zero_sample_8_20250724_211101.csv,6,0,IID,validation,42
user_001_gesture_4_Four_sample_7_20250803_190631.csv,1,4,IID,validation,42
user_006_gesture_4_Four_sample_10_20250724_211422.csv,6,4,IID,validation,42
user_001_gesture_5_Five_sample_9_20250803_190711.csv,1,5,IID,validation,42
user_001_gesture_2_Two_sample_1_20250803_190504.csv,1,2,IID,validation,42
user_006_gesture_0_Zero_sample_7_20250724_211057.csv,6,0,IID,validation,42
user_005_gesture_5_Five_sample_5_20250722_181700.csv,5,5,IID,test,42
user_001_gesture_10_Static_sample_4_20250803_190930.csv,1,10,IID,test,42
user_003_gesture_3_Three_sample_9_20250709_195355.csv,3,3,IID,test,42
user_006_gesture_10_Static_sample_1_20250724_211756.csv,6,10,IID,test,42
user_002_gesture_10_Static_sample_8_20250709_174709.csv,2,10,IID,test,42
user_001_gesture_9_Nine_sample_7_20250803_190910.csv,1,9,IID,test,42
user_006_gesture_0_Zero_sample_9_20250724_211104.csv,6,0,IID,test,42
user_003_gesture_2_Two_sample_2_20250709_195255.csv,3,2,IID,test,42
user_004_gesture_10_Static_sample_4_20250721_163756.csv,4,10,IID,test,42
user_006_gesture_10_Static_sample_2_20250724_211758.csv,6,10,IID,test,42
user_005_gesture_7_Seven_sample_8_20250722_181818.csv,5,7,IID,test,42
user_004_gesture_5_Five_sample_9_20250721_163433.csv,4,5,IID,test,42
user_004_gesture_0_Zero_sample_8_20250721_163056.csv,4,0,IID,test,42
user_004_gesture_3_Three_sample_2_20250721_163250.csv,4,3,IID,test,42
user_002_gesture_5_Five_sample_9_20250709_174242.csv,2,5,IID,test,42
user_003_gesture_7_Seven_sample_4_20250709_195636.csv,3,7,IID,test,42
user_006_gesture_5_Five_sample_3_20250724_211436.csv,6,5,IID,test,42
user_003_gesture_0_Zero_sample_8_20250709_195142.csv,3,0,IID,test,42
user_003_gesture_0_Zero_sample_2_20250709_195119.csv,3,0,IID,test,42
user_002_gesture_5_Five_sample_7_20250709_174236.csv,2,5,IID,test,42
user_005_gesture_0_Zero_sample_2_20250722_181345.csv,5,0,IID,test,42
user_004_gesture_6_Six_sample_6_20250721_163522.csv,4,6,IID,test,42
user_002_gesture_0_Zero_sample_8_20250709_173933.csv,2,0,IID,test,42
user_006_gesture_3_Three_sample_9_20250724_211342.csv,6,3,IID,test,42
user_003_gesture_0_Zero_sample_10_20250709_195149.csv,3,0,IID,test,42
user_001_gesture_6_Six_sample_5_20250803_190731.csv,1,6,IID,test,42
user_005_gesture_4_Four_sample_7_20250722_181632.csv,5,4,IID,test,42
user_006_gesture_7_Seven_sample_9_20250724_211611.csv,6,7,IID,test,42
user_004_gesture_6_Six_sample_4_20250721_163516.csv,4,6,IID,test,42
user_004_gesture_9_Nine_sample_4_20250721_163723.csv,4,9,IID,test,42
user_003_gesture_8_Eight_sample_9_20250709_195731.csv,3,8,IID,test,42
user_002_gesture_10_Static_sample_5_20250709_174632.csv,2,10,IID,test,42
user_001_gesture_1_One_sample_3_20250803_190439.csv,1,1,IID,test,42
user_003_gesture_3_Three_sample_7_20250709_195349.csv,3,3,IID,test,42
user_002_gesture_1_One_sample_6_20250709_174004.csv,2,1,IID,test,42
user_003_gesture_6_Six_sample_8_20250709_195613.csv,3,6,IID,test,42
user_005_gesture_1_One_sample_9_20250722_181440.csv,5,1,IID,test,42
user_004_gesture_4_Four_sample_2_20250721_163324.csv,4,4,IID,test,42
user_006_gesture_6_Six_sample_2_20250724_211508.csv,6,6,IID,test,42
user_005_gesture_5_Five_sample_7_20250722_181706.csv,5,5,IID,test,42
user_002_gesture_3_Three_sample_9_20250709_174126.csv,2,3,IID,test,42
user_006_gesture_7_Seven_sample_10_20250724_211614.csv,6,7,IID,test,42
user_002_gesture_1_One_sample_3_20250709_173954.csv,2,1,IID,test,42
user_002_gesture_9_Nine_sample_6_20250709_174543.csv,2,9,IID,test,42
user_004_gesture_2_Two_sample_3_20250721_163205.csv,4,2,IID,test,42
user_001_gesture_1_One_sample_1_20250803_190432.csv,1,1,IID,test,42
user_001_gesture_2_Two_sample_7_20250803_190523.csv,1,2,IID,test,42
user_002_gesture_8_Eight_sample_3_20250709_174455.csv,2,8,IID,test,42
user_005_gesture_6_Six_sample_8_20250722_181745.csv,5,6,IID,test,42
user_005_gesture_8_Eight_sample_6_20250722_181858.csv,5,8,IID,test,42
user_005_gesture_8_Eight_sample_8_20250722_181905.csv,5,8,IID,test,42
user_003_gesture_5_Five_sample_4_20250709_195513.csv,3,5,IID,test,42
user_006_gesture_5_Five_sample_5_20250724_211441.csv,6,5,IID,test,42
user_005_gesture_7_Seven_sample_1_20250722_181757.csv,5,7,IID,test,42
user_003_gesture_4_Four_sample_1_20250709_195405.csv,3,4,IID,test,42
user_003_gesture_8_Eight_sample_1_20250709_195704.csv,3,8,IID,test,42
user_004_gesture_1_One_sample_4_20250721_163126.csv,4,1,IID,test,42
user_001_gesture_9_Nine_sample_1_20250803_190851.csv,1,9,IID,test,42
user_005_gesture_6_Six_sample_10_20250722_181751.csv,5,6,IID,test,42
user_002_gesture_10_Static_sample_3_20250709_174623.csv,2,10,IID,test,42
user_003_gesture_7_Seven_sample_1_20250709_195626.csv,3,7,IID,test,42
user_002_gesture_4_Four_sample_9_20250709_174206.csv,2,4,IID,test,42
user_005_gesture_2_Two_sample_7_20250722_181513.csv,5,2,IID,test,42
user_001_gesture_7_Seven_sample_5_20250803_190803.csv,1,7,IID,test,42
user_001_gesture_1_One_sample_7_20250803_190451.csv,1,1,IID,test,42
user_004_gesture_7_Seven_sample_6_20250721_163605.csv,4,7,IID,test,42
user_004_gesture_10_Static_sample_10_20250721_163825.csv,4,10,IID,test,42
user_004_gesture_4_Four_sample_5_20250721_163333.csv,4,4,IID,test,42
user_001_gesture_2_Two_sample_8_20250803_190527.csv,1,2,IID,test,42
user_002_gesture_8_Eight_sample_5_20250709_174502.csv,2,8,IID,test,42
user_004_gesture_5_Five_sample_7_20250721_163427.csv,4,5,IID,test,42
user_005_gesture_6_Six_sample_5_20250722_181736.csv,5,6,IID,test,42
user_001_gesture_1_One_sample_6_20250803_190448.csv,1,1,IID,test,42
user_003_gesture_10_Static_sample_7_20250709_195903.csv,3,10,IID,test,42
user_004_gesture_9_Nine_sample_10_20250721_163741.csv,4,9,IID,test,42
user_002_gesture_4_Four_sample_10_20250709_174209.csv,2,4,IID,test,42
user_002_gesture_3_Three_sample_10_20250709_174130.csv,2,3,IID,test,42
user_004_gesture_1_One_sample_5_20250721_163129.csv,4,1,IID,test,42
user_001_gesture_2_Two_sample_6_20250803_190520.csv,1,2,IID,test,42
user_001_gesture_0_Zero_sample_7_20250803_190417.csv,1,0,IID,test,42
user_002_gesture_0_Zero_sample_10_20250709_173938.csv,2,0,IID,test,42
user_001_gesture_3_Three_sample_10_20250803_190606.csv,1,3,IID,test,42
user_006_gesture_6_Six_sample_9_20250724_211529.csv,6,6,IID,test,42
user_004_gesture_2_Two_sample_6_20250721_163214.csv,4,2,IID,test,42
user_003_gesture_9_Nine_sample_8_20250709_195830.csv,3,9,IID,test,42
user_003_gesture_2_Two_sample_7_20250709_195312.csv,3,2,IID,test,42
user_005_gesture_9_Nine_sample_9_20250722_181946.csv,5,9,IID,test,42
user_003_gesture_2_Two_sample_3_20250709_195258.csv,3,2,IID,test,42
user_003_gesture_8_Eight_sample_8_20250709_195727.csv,3,8,IID,test,42
user_003_gesture_4_Four_sample_8_20250709_195435.csv,3,4,IID,test,42
user_004_gesture_6_Six_sample_10_20250721_163538.csv,4,6,IID,test,42
user_003_gesture_10_Static_sample_4_20250709_195852.csv,3,10,IID,test,42
user_006_gesture_4_Four_sample_6_20250724_211410.csv,6,4,IID,test,42
user_006_gesture_6_Six_sample_6_20250724_211520.csv,6,6,IID,test,42
user_005_gesture_3_Three_sample_3_20250722_181543.csv,5,3,IID,test,42
user_003_gesture_8_Eight_sample_5_20250709_195718.csv,3,8,IID,test,42
user_004_gesture_1_One_sample_9_20250721_163141.csv,4,1,IID,test,42
user_006_gesture_9_Nine_sample_10_20250724_211728.csv,6,9,IID,test,42
user_001_gesture_4_Four_sample_8_20250803_190634.csv,1,4,IID,test,42
user_004_gesture_8_Eight_sample_6_20250721_163645.csv,4,8,IID,test,42
user_003_gesture_5_Five_sample_8_20250709_195525.csv,3,5,IID,test,42
user_003_gesture_9_Nine_sample_5_20250709_195822.csv,3,9,IID,test,42
user_002_gesture_4_Four_sample_5_20250709_174153.csv,2,4,IID,test,42
user_002_gesture_7_Seven_sample_4_20250709_174345.csv,2,7,IID,test,42
user_001_gesture_4_Four_sample_5_20250803_190624.csv,1,4,IID,test,42
user_005_gesture_2_Two_sample_10_20250722_181523.csv,5,2,IID,test,42
user_006_gesture_7_Seven_sample_1_20250724_211540.csv,6,7,IID,test,42
user_005_gesture_1_One_sample_6_20250722_181431.csv,5,1,IID,test,42
user_003_gesture_8_Eight_sample_7_20250709_195724.csv,3,8,IID,test,42
user_006_gesture_3_Three_sample_8_20250724_211339.csv,6,3,IID,test,42
user_005_gesture_0_Zero_sample_9_20250722_181407.csv,5,0,IID,test,42
user_005_gesture_1_One_sample_3_20250722_181422.csv,5,1,IID,test,42
user_006_gesture_0_Zero_sample_1_20250724_211018.csv,6,0,IID,test,42
user_005_gesture_7_Seven_sample_2_20250722_181800.csv,5,7,IID,test,42
user_003_gesture_3_Three_sample_4_20250709_195340.csv,3,3,IID,test,42
user_004_gesture_3_Three_sample_8_20250721_163307.csv,4,3,IID,test,42
user_003_gesture_6_Six_sample_3_20250709_195557.csv,3,6,IID,test,42
user_004_gesture_2_Two_sample_2_20250721_163202.csv,4,2,IID,test,42
user_001_gesture_4_Four_sample_2_20250803_190616.csv,1,4,IID,test,42
user_005_gesture_9_Nine_sample_5_20250722_181934.csv,5,9,IID,test,42
user_002_gesture_0_Zero_sample_4_20250709_173920.csv,2,0,IID,test,42
user_002_gesture_10_Static_sample_1_20250709_174618.csv,2,10,IID,test,42
user_002_gesture_2_Two_sample_1_20250709_174022.csv,2,2,IID,test,42
user_006_gesture_7_Seven_sample_6_20250724_211601.csv,6,7,IID,test,42
user_003_gesture_9_Nine_sample_2_20250709_195813.csv,3,9,IID,test,42
user_006_gesture_8_Eight_sample_10_20250724_211650.csv,6,8,IID,test,42
user_005_gesture_10_Static_sample_6_20250722_182005.csv,5,10,IID,test,42
user_004_gesture_5_Five_sample_5_20250721_163418.csv,4,5,IID,test,42
user_003_gesture_3_Three_sample_6_20250709_195346.csv,3,3,IID,test,42
user_002_gesture_9_Nine_sample_1_20250709_174527.csv,2,9,IID,test,42
user_004_gesture_5_Five_sample_4_20250721_163415.csv,4,5,IID,test,42
user_001_gesture_8_Eight_sample_4_20250803_190830.csv,1,8,IID,test,42
