model,model_display,fold,repeat,jitter_fraction,jitter_label,macro_f1,accuracy,delta_macro_f1
ADANN_LightGBM,DA-LGBM,1,0,clean,clean,0.9121872279767017,0.9181818181818182,0.0
ADANN_LightGBM,DA-LGBM,1,0,0.02,+/-2%,0.9121872279767017,0.9181818181818182,0.0
ADANN_LightGBM,DA-LGBM,1,0,0.05,+/-5%,0.9121872279767017,0.9181818181818182,0.0
ADANN_LightGBM,DA-LGBM,1,0,0.1,+/-10%,0.9218325534115007,0.9272727272727272,0.009645325434799012
ADANN_LightGBM,DA-LGBM,1,1,0.02,+/-2%,0.9121872279767017,0.9181818181818182,0.0
ADANN_LightGBM,DA-LGBM,1,1,0.05,+/-5%,0.9121872279767017,0.9181818181818182,0.0
ADANN_LightGBM,DA-LGBM,1,1,0.1,+/-10%,0.9218325534115007,0.9272727272727272,0.009645325434799012
ADANN_LightGBM,DA-LGBM,1,2,0.02,+/-2%,0.9121872279767017,0.9181818181818182,0.0
ADANN_LightGBM,DA-LGBM,1,2,0.05,+/-5%,0.9218325534115007,0.9272727272727272,0.009645325434799012
ADANN_LightGBM,DA-LGBM,1,2,0.1,+/-10%,0.9218325534115007,0.9272727272727272,0.009645325434799012
ADANN_LightGBM,DA-LGBM,1,3,0.02,+/-2%,0.9121872279767017,0.9181818181818182,0.0
ADANN_LightGBM,DA-LGBM,1,3,0.05,+/-5%,0.9121872279767017,0.9181818181818182,0.0
ADANN_LightGBM,DA-LGBM,1,3,0.1,+/-10%,0.9218325534115007,0.9272727272727272,0.009645325434799012
ADANN_LightGBM,DA-LGBM,1,4,0.02,+/-2%,0.9121872279767017,0.9181818181818182,0.0
ADANN_LightGBM,DA-LGBM,1,4,0.05,+/-5%,0.9121872279767017,0.9181818181818182,0.0
ADANN_LightGBM,DA-LGBM,1,4,0.1,+/-10%,0.9218325534115007,0.9272727272727272,0.009645325434799012
ADANN_LightGBM,DA-LGBM,2,0,clean,clean,0.6062934717480173,0.6454545454545455,0.0
ADANN_LightGBM,DA-LGBM,2,0,0.02,+/-2%,0.6107281607281607,0.6454545454545455,0.004434688980143431
ADANN_LightGBM,DA-LGBM,2,0,0.05,+/-5%,0.6204457159002613,0.6545454545454545,0.014152244152244031
ADANN_LightGBM,DA-LGBM,2,0,0.1,+/-10%,0.6180418907691635,0.6454545454545455,0.011748419021146206
ADANN_LightGBM,DA-LGBM,2,1,0.02,+/-2%,0.6078416532961989,0.6454545454545455,0.001548181548181593
ADANN_LightGBM,DA-LGBM,2,1,0.05,+/-5%,0.6244762939243041,0.6636363636363637,0.01818282217628686
ADANN_LightGBM,DA-LGBM,2,1,0.1,+/-10%,0.6131029643899595,0.6545454545454545,0.006809492641942194
ADANN_LightGBM,DA-LGBM,2,2,0.02,+/-2%,0.6107281607281607,0.6454545454545455,0.004434688980143431
ADANN_LightGBM,DA-LGBM,2,2,0.05,+/-5%,0.6227661227661229,0.6545454545454545,0.016472651018105577
ADANN_LightGBM,DA-LGBM,2,2,0.1,+/-10%,0.6189271393937353,0.6454545454545455,0.01263366764571805
ADANN_LightGBM,DA-LGBM,2,3,0.02,+/-2%,0.6107281607281607,0.6454545454545455,0.004434688980143431
ADANN_LightGBM,DA-LGBM,2,3,0.05,+/-5%,0.60995892995893,0.6454545454545455,0.0036654582109126865
ADANN_LightGBM,DA-LGBM,2,3,0.1,+/-10%,0.6011352992214236,0.6272727272727273,-0.005158172526593674
ADANN_LightGBM,DA-LGBM,2,4,0.02,+/-2%,0.615488976732996,0.6545454545454545,0.009195504984978675
ADANN_LightGBM,DA-LGBM,2,4,0.05,+/-5%,0.6294384952279689,0.6636363636363637,0.02314502347995162
ADANN_LightGBM,DA-LGBM,2,4,0.1,+/-10%,0.6458065284152241,0.6818181818181818,0.039513056667206836
ADANN_LightGBM,DA-LGBM,3,0,clean,clean,0.8728499055124442,0.8727272727272727,0.0
ADANN_LightGBM,DA-LGBM,3,0,0.02,+/-2%,0.8718929677134013,0.8727272727272727,-0.000956937799042934
ADANN_LightGBM,DA-LGBM,3,0,0.05,+/-5%,0.8718929677134013,0.8727272727272727,-0.000956937799042934
ADANN_LightGBM,DA-LGBM,3,0,0.1,+/-10%,0.8718929677134013,0.8727272727272727,-0.000956937799042934
ADANN_LightGBM,DA-LGBM,3,1,0.02,+/-2%,0.8718929677134013,0.8727272727272727,-0.000956937799042934
ADANN_LightGBM,DA-LGBM,3,1,0.05,+/-5%,0.8718929677134013,0.8727272727272727,-0.000956937799042934
ADANN_LightGBM,DA-LGBM,3,1,0.1,+/-10%,0.8718929677134013,0.8727272727272727,-0.000956937799042934
ADANN_LightGBM,DA-LGBM,3,2,0.02,+/-2%,0.8718929677134013,0.8727272727272727,-0.000956937799042934
ADANN_LightGBM,DA-LGBM,3,2,0.05,+/-5%,0.8718929677134013,0.8727272727272727,-0.000956937799042934
ADANN_LightGBM,DA-LGBM,3,2,0.1,+/-10%,0.8718929677134013,0.8727272727272727,-0.000956937799042934
ADANN_LightGBM,DA-LGBM,3,3,0.02,+/-2%,0.8718929677134013,0.8727272727272727,-0.000956937799042934
ADANN_LightGBM,DA-LGBM,3,3,0.05,+/-5%,0.8718929677134013,0.8727272727272727,-0.000956937799042934
ADANN_LightGBM,DA-LGBM,3,3,0.1,+/-10%,0.8718929677134013,0.8727272727272727,-0.000956937799042934
ADANN_LightGBM,DA-LGBM,3,4,0.02,+/-2%,0.8718929677134013,0.8727272727272727,-0.000956937799042934
ADANN_LightGBM,DA-LGBM,3,4,0.05,+/-5%,0.8718929677134013,0.8727272727272727,-0.000956937799042934
ADANN_LightGBM,DA-LGBM,3,4,0.1,+/-10%,0.8718929677134013,0.8727272727272727,-0.000956937799042934
ADANN_LightGBM,DA-LGBM,4,0,clean,clean,0.796980963397755,0.8272727272727273,0.0
ADANN_LightGBM,DA-LGBM,4,0,0.02,+/-2%,0.8005742080977192,0.8272727272727273,0.0035932446999641376
ADANN_LightGBM,DA-LGBM,4,0,0.05,+/-5%,0.7889191964427075,0.8181818181818182,-0.008061766955047567
ADANN_LightGBM,DA-LGBM,4,0,0.1,+/-10%,0.7889191964427075,0.8181818181818182,-0.008061766955047567
ADANN_LightGBM,DA-LGBM,4,1,0.02,+/-2%,0.8005742080977192,0.8272727272727273,0.0035932446999641376
ADANN_LightGBM,DA-LGBM,4,1,0.05,+/-5%,0.8005742080977192,0.8272727272727273,0.0035932446999641376
ADANN_LightGBM,DA-LGBM,4,1,0.1,+/-10%,0.7889191964427075,0.8181818181818182,-0.008061766955047567
ADANN_LightGBM,DA-LGBM,4,2,0.02,+/-2%,0.8005742080977192,0.8272727272727273,0.0035932446999641376
ADANN_LightGBM,DA-LGBM,4,2,0.05,+/-5%,0.8005742080977192,0.8272727272727273,0.0035932446999641376
ADANN_LightGBM,DA-LGBM,4,2,0.1,+/-10%,0.7790419673141414,0.8090909090909091,-0.0179389960836136
ADANN_LightGBM,DA-LGBM,4,3,0.02,+/-2%,0.8005742080977192,0.8272727272727273,0.0035932446999641376
ADANN_LightGBM,DA-LGBM,4,3,0.05,+/-5%,0.7889191964427075,0.8181818181818182,-0.008061766955047567
ADANN_LightGBM,DA-LGBM,4,3,0.1,+/-10%,0.790696978969153,0.8181818181818182,-0.0062839844286020075
ADANN_LightGBM,DA-LGBM,4,4,0.02,+/-2%,0.7853259517427434,0.8181818181818182,-0.011655011655011593
ADANN_LightGBM,DA-LGBM,4,4,0.05,+/-5%,0.8005742080977192,0.8272727272727273,0.0035932446999641376
ADANN_LightGBM,DA-LGBM,4,4,0.1,+/-10%,0.7889191964427075,0.8181818181818182,-0.008061766955047567
ADANN_LightGBM,DA-LGBM,5,0,clean,clean,0.616064001358119,0.6636363636363637,0.0
ADANN_LightGBM,DA-LGBM,5,0,0.02,+/-2%,0.6072108307824604,0.6545454545454545,-0.008853170575658598
ADANN_LightGBM,DA-LGBM,5,0,0.05,+/-5%,0.6072108307824604,0.6545454545454545,-0.008853170575658598
ADANN_LightGBM,DA-LGBM,5,0,0.1,+/-10%,0.5990111872886993,0.6454545454545455,-0.01705281406941972
ADANN_LightGBM,DA-LGBM,5,1,0.02,+/-2%,0.6072108307824604,0.6545454545454545,-0.008853170575658598
ADANN_LightGBM,DA-LGBM,5,1,0.05,+/-5%,0.5990111872886993,0.6454545454545455,-0.01705281406941972
ADANN_LightGBM,DA-LGBM,5,1,0.1,+/-10%,0.593501545415421,0.6363636363636364,-0.022562455942698012
ADANN_LightGBM,DA-LGBM,5,2,0.02,+/-2%,0.6072108307824604,0.6545454545454545,-0.008853170575658598
ADANN_LightGBM,DA-LGBM,5,2,0.05,+/-5%,0.5990111872886993,0.6454545454545455,-0.01705281406941972
ADANN_LightGBM,DA-LGBM,5,2,0.1,+/-10%,0.5923017771701983,0.6363636363636364,-0.023762224187920733
ADANN_LightGBM,DA-LGBM,5,3,0.02,+/-2%,0.5990111872886993,0.6454545454545455,-0.01705281406941972
ADANN_LightGBM,DA-LGBM,5,3,0.05,+/-5%,0.5923017771701983,0.6363636363636364,-0.023762224187920733
ADANN_LightGBM,DA-LGBM,5,3,0.1,+/-10%,0.5923017771701983,0.6363636363636364,-0.023762224187920733
ADANN_LightGBM,DA-LGBM,5,4,0.02,+/-2%,0.6072108307824604,0.6545454545454545,-0.008853170575658598
ADANN_LightGBM,DA-LGBM,5,4,0.05,+/-5%,0.6056523971384652,0.6545454545454545,-0.010411604219653814
ADANN_LightGBM,DA-LGBM,5,4,0.1,+/-10%,0.6005014206639594,0.6454545454545455,-0.015562580694159611
ADANN_LightGBM,DA-LGBM,6,0,clean,clean,0.7470046589828805,0.7636363636363637,0.0
ADANN_LightGBM,DA-LGBM,6,0,0.02,+/-2%,0.7338919145370759,0.7545454545454545,-0.01311274444580457
ADANN_LightGBM,DA-LGBM,6,0,0.05,+/-5%,0.7535324324798008,0.7727272727272727,0.006527773496920353
ADANN_LightGBM,DA-LGBM,6,0,0.1,+/-10%,0.7446005041930338,0.7636363636363637,-0.0024041547898466797
ADANN_LightGBM,DA-LGBM,6,1,0.02,+/-2%,0.7508097325769133,0.7727272727272727,0.003805073594032815
ADANN_LightGBM,DA-LGBM,6,1,0.05,+/-5%,0.7391547209219017,0.7636363636363637,-0.007849938060978778
ADANN_LightGBM,DA-LGBM,6,1,0.1,+/-10%,0.7816154859633122,0.8,0.03461082698043172
ADANN_LightGBM,DA-LGBM,6,2,0.02,+/-2%,0.731168831168831,0.7545454545454545,-0.015835827814049463
ADANN_LightGBM,DA-LGBM,6,2,0.05,+/-5%,0.7595089011521943,0.7818181818181819,0.012504242169313784
ADANN_LightGBM,DA-LGBM,6,2,0.1,+/-10%,0.7857142857142857,0.8090909090909091,0.03870962673140521
ADANN_LightGBM,DA-LGBM,6,3,0.02,+/-2%,0.731168831168831,0.7545454545454545,-0.015835827814049463
ADANN_LightGBM,DA-LGBM,6,3,0.05,+/-5%,0.7634443596331074,0.7818181818181819,0.01643970065022693
ADANN_LightGBM,DA-LGBM,6,3,0.1,+/-10%,0.7686284729762991,0.7909090909090909,0.021623813993418617
ADANN_LightGBM,DA-LGBM,6,4,0.02,+/-2%,0.731168831168831,0.7545454545454545,-0.015835827814049463
ADANN_LightGBM,DA-LGBM,6,4,0.05,+/-5%,0.7604473566361043,0.7818181818181819,0.013442697653223812
ADANN_LightGBM,DA-LGBM,6,4,0.1,+/-10%,0.7857142857142857,0.8090909090909091,0.03870962673140521
ADANN,ADANN,1,0,clean,clean,0.7519553827040457,0.7727272727272727,0.0
ADANN,ADANN,1,0,0.02,+/-2%,0.7246144408176494,0.7454545454545455,-0.027340941886396353
ADANN,ADANN,1,0,0.05,+/-5%,0.733614663256607,0.7545454545454545,-0.018340719447438758
ADANN,ADANN,1,0,0.1,+/-10%,0.704600344242288,0.7363636363636363,-0.047355038461757704
ADANN,ADANN,1,1,0.02,+/-2%,0.7246144408176494,0.7454545454545455,-0.027340941886396353
ADANN,ADANN,1,1,0.05,+/-5%,0.7141341437760876,0.7454545454545455,-0.03782123892795808
ADANN,ADANN,1,1,0.1,+/-10%,0.7260792120910331,0.7454545454545455,-0.025876170613012617
ADANN,ADANN,1,2,0.02,+/-2%,0.7246144408176494,0.7454545454545455,-0.027340941886396353
ADANN,ADANN,1,2,0.05,+/-5%,0.733614663256607,0.7545454545454545,-0.018340719447438758
ADANN,ADANN,1,2,0.1,+/-10%,0.7141341437760876,0.7454545454545455,-0.03782123892795808
ADANN,ADANN,1,3,0.02,+/-2%,0.733614663256607,0.7545454545454545,-0.018340719447438758
ADANN,ADANN,1,3,0.05,+/-5%,0.733614663256607,0.7545454545454545,-0.018340719447438758
ADANN,ADANN,1,3,0.1,+/-10%,0.733614663256607,0.7545454545454545,-0.018340719447438758
ADANN,ADANN,1,4,0.02,+/-2%,0.7246144408176494,0.7454545454545455,-0.027340941886396353
ADANN,ADANN,1,4,0.05,+/-5%,0.733614663256607,0.7545454545454545,-0.018340719447438758
ADANN,ADANN,1,4,0.1,+/-10%,0.7141341437760876,0.7454545454545455,-0.03782123892795808
ADANN,ADANN,2,0,clean,clean,0.44208463036845075,0.4818181818181818,0.0
ADANN,ADANN,2,0,0.02,+/-2%,0.4174323096923716,0.4636363636363636,-0.024652320676079142
ADANN,ADANN,2,0,0.05,+/-5%,0.42432886141650955,0.4727272727272727,-0.017755768951941198
ADANN,ADANN,2,0,0.1,+/-10%,0.430818923078985,0.4818181818181818,-0.011265707289465743
ADANN,ADANN,2,1,0.02,+/-2%,0.4174323096923716,0.4636363636363636,-0.024652320676079142
ADANN,ADANN,2,1,0.05,+/-5%,0.42432886141650955,0.4727272727272727,-0.017755768951941198
ADANN,ADANN,2,1,0.1,+/-10%,0.43344255474072924,0.4818181818181818,-0.008642075627721513
ADANN,ADANN,2,2,0.02,+/-2%,0.4174323096923716,0.4636363636363636,-0.024652320676079142
ADANN,ADANN,2,2,0.05,+/-5%,0.43344255474072924,0.4818181818181818,-0.008642075627721513
ADANN,ADANN,2,2,0.1,+/-10%,0.42432886141650955,0.4727272727272727,-0.017755768951941198
ADANN,ADANN,2,3,0.02,+/-2%,0.41083316171391326,0.45454545454545453,-0.031251468654537484
ADANN,ADANN,2,3,0.05,+/-5%,0.44208463036845075,0.4818181818181818,0.0
ADANN,ADANN,2,3,0.1,+/-10%,0.43344255474072924,0.4818181818181818,-0.008642075627721513
ADANN,ADANN,2,4,0.02,+/-2%,0.4174323096923716,0.4636363636363636,-0.024652320676079142
ADANN,ADANN,2,4,0.05,+/-5%,0.4174323096923716,0.4636363636363636,-0.024652320676079142
ADANN,ADANN,2,4,0.1,+/-10%,0.42432886141650955,0.4727272727272727,-0.017755768951941198
ADANN,ADANN,3,0,clean,clean,0.5889179843725298,0.6454545454545455,0.0
ADANN,ADANN,3,0,0.02,+/-2%,0.5887184841730296,0.6454545454545455,-0.00019950019950021325
ADANN,ADANN,3,0,0.05,+/-5%,0.5887184841730296,0.6454545454545455,-0.00019950019950021325
ADANN,ADANN,3,0,0.1,+/-10%,0.6003409197085087,0.6545454545454545,0.011422935335978823
ADANN,ADANN,3,1,0.02,+/-2%,0.5887184841730296,0.6454545454545455,-0.00019950019950021325
ADANN,ADANN,3,1,0.05,+/-5%,0.5887184841730296,0.6454545454545455,-0.00019950019950021325
ADANN,ADANN,3,1,0.1,+/-10%,0.6003409197085087,0.6545454545454545,0.011422935335978823
ADANN,ADANN,3,2,0.02,+/-2%,0.5744734699280154,0.6363636363636364,-0.014444514444514445
ADANN,ADANN,3,2,0.05,+/-5%,0.5887184841730296,0.6454545454545455,-0.00019950019950021325
ADANN,ADANN,3,2,0.1,+/-10%,0.5887184841730296,0.6454545454545455,-0.00019950019950021325
ADANN,ADANN,3,3,0.02,+/-2%,0.5744734699280154,0.6363636363636364,-0.014444514444514445
ADANN,ADANN,3,3,0.05,+/-5%,0.5744734699280154,0.6363636363636364,-0.014444514444514445
ADANN,ADANN,3,3,0.1,+/-10%,0.5887184841730296,0.6454545454545455,-0.00019950019950021325
ADANN,ADANN,3,4,0.02,+/-2%,0.5744734699280154,0.6363636363636364,-0.014444514444514445
ADANN,ADANN,3,4,0.05,+/-5%,0.5887184841730296,0.6454545454545455,-0.00019950019950021325
ADANN,ADANN,3,4,0.1,+/-10%,0.5676654631200087,0.6272727272727273,-0.021252521252521195
ADANN,ADANN,4,0,clean,clean,0.7613619915125684,0.7818181818181819,0.0
ADANN,ADANN,4,0,0.02,+/-2%,0.7557141110757772,0.7636363636363637,-0.005647880436791208
ADANN,ADANN,4,0,0.05,+/-5%,0.745913018921744,0.7545454545454545,-0.01544897259082445
ADANN,ADANN,4,0,0.1,+/-10%,0.7451284994206469,0.7545454545454545,-0.016233492091921597
ADANN,ADANN,4,1,0.02,+/-2%,0.764060735211875,0.7727272727272727,0.0026987436993065606
ADANN,ADANN,4,1,0.05,+/-5%,0.7469751376309215,0.7545454545454545,-0.014386853881646955
ADANN,ADANN,4,1,0.1,+/-10%,0.7551276505962686,0.7636363636363637,-0.006234340916299819
ADANN,ADANN,4,2,0.02,+/-2%,0.7557141110757772,0.7636363636363637,-0.005647880436791208
ADANN,ADANN,4,2,0.05,+/-5%,0.7469751376309215,0.7545454545454545,-0.014386853881646955
ADANN,ADANN,4,2,0.1,+/-10%,0.7626012227757232,0.7727272727272727,0.0012392312631547275
ADANN,ADANN,4,3,0.02,+/-2%,0.7544447921593995,0.7636363636363637,-0.0069171993531689235
ADANN,ADANN,4,3,0.05,+/-5%,0.7540694495380676,0.7636363636363637,-0.007292541974500799
ADANN,ADANN,4,3,0.1,+/-10%,0.7306781157048536,0.7454545454545455,-0.03068387580771481
ADANN,ADANN,4,4,0.02,+/-2%,0.7469751376309215,0.7545454545454545,-0.014386853881646955
ADANN,ADANN,4,4,0.05,+/-5%,0.7544447921593995,0.7636363636363637,-0.0069171993531689235
ADANN,ADANN,4,4,0.1,+/-10%,0.7478483385041224,0.7545454545454545,-0.013513653008446092
ADANN,ADANN,5,0,clean,clean,0.5782701697649727,0.6090909090909091,0.0
ADANN,ADANN,5,0,0.02,+/-2%,0.576581858076661,0.6090909090909091,-0.0016883116883117388
ADANN,ADANN,5,0,0.05,+/-5%,0.576581858076661,0.6090909090909091,-0.0016883116883117388
ADANN,ADANN,5,0,0.1,+/-10%,0.5566291550023608,0.5909090909090909,-0.021641014762611932
ADANN,ADANN,5,1,0.02,+/-2%,0.576581858076661,0.6090909090909091,-0.0016883116883117388
ADANN,ADANN,5,1,0.05,+/-5%,0.5743047962386647,0.6,-0.0039653735263079914
ADANN,ADANN,5,1,0.1,+/-10%,0.5685988519720577,0.6,-0.009671317792914969
ADANN,ADANN,5,2,0.02,+/-2%,0.576581858076661,0.6090909090909091,-0.0016883116883117388
ADANN,ADANN,5,2,0.05,+/-5%,0.5685675040096754,0.6,-0.009702665755297324
ADANN,ADANN,5,2,0.1,+/-10%,0.5240803759520337,0.5545454545454546,-0.05418979381293898
ADANN,ADANN,5,3,0.02,+/-2%,0.576581858076661,0.6090909090909091,-0.0016883116883117388
ADANN,ADANN,5,3,0.05,+/-5%,0.5491987236515901,0.5818181818181818,-0.029071446113382637
ADANN,ADANN,5,3,0.1,+/-10%,0.5593077990277541,0.5909090909090909,-0.018962370737218626
ADANN,ADANN,5,4,0.02,+/-2%,0.576581858076661,0.6090909090909091,-0.0016883116883117388
ADANN,ADANN,5,4,0.05,+/-5%,0.576581858076661,0.6090909090909091,-0.0016883116883117388
ADANN,ADANN,5,4,0.1,+/-10%,0.5487344181602556,0.5818181818181818,-0.02953575160471711
ADANN,ADANN,6,0,clean,clean,0.6640858344207626,0.6909090909090909,0.0
ADANN,ADANN,6,0,0.02,+/-2%,0.6454710787240554,0.6727272727272727,-0.01861475569670723
ADANN,ADANN,6,0,0.05,+/-5%,0.6454710787240554,0.6727272727272727,-0.01861475569670723
ADANN,ADANN,6,0,0.1,+/-10%,0.636481663036075,0.6727272727272727,-0.027604171384687626
ADANN,ADANN,6,1,0.02,+/-2%,0.6461840912017738,0.6727272727272727,-0.017901743218988853
ADANN,ADANN,6,1,0.05,+/-5%,0.650968780196989,0.6818181818181818,-0.013117054223773628
ADANN,ADANN,6,1,0.1,+/-10%,0.650968780196989,0.6818181818181818,-0.013117054223773628
ADANN,ADANN,6,2,0.02,+/-2%,0.6454710787240554,0.6727272727272727,-0.01861475569670723
ADANN,ADANN,6,2,0.05,+/-5%,0.650968780196989,0.6818181818181818,-0.013117054223773628
ADANN,ADANN,6,2,0.1,+/-10%,0.650968780196989,0.6818181818181818,-0.013117054223773628
ADANN,ADANN,6,3,0.02,+/-2%,0.6454710787240554,0.6727272727272727,-0.01861475569670723
ADANN,ADANN,6,3,0.05,+/-5%,0.6454710787240554,0.6727272727272727,-0.01861475569670723
ADANN,ADANN,6,3,0.1,+/-10%,0.6454710787240554,0.6727272727272727,-0.01861475569670723
ADANN,ADANN,6,4,0.02,+/-2%,0.6461840912017738,0.6727272727272727,-0.017901743218988853
ADANN,ADANN,6,4,0.05,+/-5%,0.6454710787240554,0.6727272727272727,-0.01861475569670723
ADANN,ADANN,6,4,0.1,+/-10%,0.6454710787240554,0.6727272727272727,-0.01861475569670723
LightGBM,LightGBM,1,0,clean,clean,0.9054834054834054,0.9090909090909091,0.0
LightGBM,LightGBM,1,0,0.02,+/-2%,0.9054834054834054,0.9090909090909091,0.0
LightGBM,LightGBM,1,0,0.05,+/-5%,0.896468443836865,0.9,-0.009014961646540476
LightGBM,LightGBM,1,0,0.1,+/-10%,0.8868762816131237,0.8909090909090909,-0.01860712387028174
LightGBM,LightGBM,1,1,0.02,+/-2%,0.896468443836865,0.9,-0.009014961646540476
LightGBM,LightGBM,1,1,0.05,+/-5%,0.896468443836865,0.9,-0.009014961646540476
LightGBM,LightGBM,1,1,0.1,+/-10%,0.896468443836865,0.9,-0.009014961646540476
LightGBM,LightGBM,1,2,0.02,+/-2%,0.896468443836865,0.9,-0.009014961646540476
LightGBM,LightGBM,1,2,0.05,+/-5%,0.896468443836865,0.9,-0.009014961646540476
LightGBM,LightGBM,1,2,0.1,+/-10%,0.8868762816131237,0.8909090909090909,-0.01860712387028174
LightGBM,LightGBM,1,3,0.02,+/-2%,0.896468443836865,0.9,-0.009014961646540476
LightGBM,LightGBM,1,3,0.05,+/-5%,0.896468443836865,0.9,-0.009014961646540476
LightGBM,LightGBM,1,3,0.1,+/-10%,0.8868762816131237,0.8909090909090909,-0.01860712387028174
LightGBM,LightGBM,1,4,0.02,+/-2%,0.896468443836865,0.9,-0.009014961646540476
LightGBM,LightGBM,1,4,0.05,+/-5%,0.896468443836865,0.9,-0.009014961646540476
LightGBM,LightGBM,1,4,0.1,+/-10%,0.8870711695360799,0.8909090909090909,-0.01841223594732555
LightGBM,LightGBM,2,0,clean,clean,0.5405503648030535,0.5727272727272728,0.0
LightGBM,LightGBM,2,0,0.02,+/-2%,0.5569369580078285,0.5818181818181818,0.01638659320477498
LightGBM,LightGBM,2,0,0.05,+/-5%,0.5549759309640733,0.5818181818181818,0.014425566161019754
LightGBM,LightGBM,2,0,0.1,+/-10%,0.5723695930056809,0.5909090909090909,0.03181922820262739
LightGBM,LightGBM,2,1,0.02,+/-2%,0.5966490217117366,0.6090909090909091,0.0560986569086831
LightGBM,LightGBM,2,1,0.05,+/-5%,0.5781457234026405,0.6,0.03759535859958696
LightGBM,LightGBM,2,1,0.1,+/-10%,0.577288511431734,0.6,0.03673814662868047
LightGBM,LightGBM,2,2,0.02,+/-2%,0.5675919266667498,0.5909090909090909,0.02704156186369633
LightGBM,LightGBM,2,2,0.05,+/-5%,0.5639310184764731,0.5909090909090909,0.02338065367341957
LightGBM,LightGBM,2,2,0.1,+/-10%,0.5197216627697911,0.5545454545454546,-0.02082870203326237
LightGBM,LightGBM,2,3,0.02,+/-2%,0.5464818997427693,0.5727272727272728,0.005931534939715766
LightGBM,LightGBM,2,3,0.05,+/-5%,0.5618986300643622,0.5909090909090909,0.02134826526130873
LightGBM,LightGBM,2,3,0.1,+/-10%,0.5457623292569195,0.5727272727272728,0.005211964453865958
LightGBM,LightGBM,2,4,0.02,+/-2%,0.5653012844816465,0.5909090909090909,0.024750919678592997
LightGBM,LightGBM,2,4,0.05,+/-5%,0.5789066549775256,0.6,0.03835629017447206
LightGBM,LightGBM,2,4,0.1,+/-10%,0.5580861748497182,0.5818181818181818,0.017535810046664713
LightGBM,LightGBM,3,0,clean,clean,0.7422481824395699,0.7636363636363637,0.0
LightGBM,LightGBM,3,0,0.02,+/-2%,0.7325529733424468,0.7545454545454545,-0.00969520909712307
LightGBM,LightGBM,3,0,0.05,+/-5%,0.7232584470518733,0.7545454545454545,-0.01898973538769666
LightGBM,LightGBM,3,0,0.1,+/-10%,0.7326670492024108,0.7636363636363637,-0.009581133237159145
LightGBM,LightGBM,3,1,0.02,+/-2%,0.7325529733424468,0.7545454545454545,-0.00969520909712307
LightGBM,LightGBM,3,1,0.05,+/-5%,0.723324323204706,0.7545454545454545,-0.01892385923486395
LightGBM,LightGBM,3,1,0.1,+/-10%,0.7022669249941976,0.7363636363636363,-0.03998125744537229
LightGBM,LightGBM,3,2,0.02,+/-2%,0.7204415998674372,0.7454545454545455,-0.02180658257213275
LightGBM,LightGBM,3,2,0.05,+/-5%,0.7204415998674372,0.7454545454545455,-0.02180658257213275
LightGBM,LightGBM,3,2,0.1,+/-10%,0.711867475958385,0.7454545454545455,-0.03038070648118496
LightGBM,LightGBM,3,3,0.02,+/-2%,0.7325529733424468,0.7545454545454545,-0.00969520909712307
LightGBM,LightGBM,3,3,0.05,+/-5%,0.715630501874521,0.7454545454545455,-0.026617680565048873
LightGBM,LightGBM,3,3,0.1,+/-10%,0.7149776990686081,0.7454545454545455,-0.02727048337096183
LightGBM,LightGBM,3,4,0.02,+/-2%,0.715630501874521,0.7454545454545455,-0.026617680565048873
LightGBM,LightGBM,3,4,0.05,+/-5%,0.7240882854519218,0.7454545454545455,-0.018159896987648083
LightGBM,LightGBM,3,4,0.1,+/-10%,0.7232584470518733,0.7545454545454545,-0.01898973538769666
LightGBM,LightGBM,4,0,clean,clean,0.7592099370683763,0.7909090909090909,0.0
LightGBM,LightGBM,4,0,0.02,+/-2%,0.7592099370683763,0.7909090909090909,0.0
LightGBM,LightGBM,4,0,0.05,+/-5%,0.7501190279774672,0.7818181818181819,-0.009090909090909038
LightGBM,LightGBM,4,0,0.1,+/-10%,0.7592099370683763,0.7909090909090909,0.0
LightGBM,LightGBM,4,1,0.02,+/-2%,0.7592099370683763,0.7909090909090909,0.0
LightGBM,LightGBM,4,1,0.05,+/-5%,0.7592099370683763,0.7909090909090909,0.0
LightGBM,LightGBM,4,1,0.1,+/-10%,0.757178635037074,0.7909090909090909,-0.0020313020313021957
LightGBM,LightGBM,4,2,0.02,+/-2%,0.7592099370683763,0.7909090909090909,0.0
LightGBM,LightGBM,4,2,0.05,+/-5%,0.7592099370683763,0.7909090909090909,0.0
LightGBM,LightGBM,4,2,0.1,+/-10%,0.7360997139581531,0.7727272727272727,-0.02311022311022315
LightGBM,LightGBM,4,3,0.02,+/-2%,0.7592099370683763,0.7909090909090909,0.0
LightGBM,LightGBM,4,3,0.05,+/-5%,0.7501190279774672,0.7818181818181819,-0.009090909090909038
LightGBM,LightGBM,4,3,0.1,+/-10%,0.757178635037074,0.7909090909090909,-0.0020313020313021957
LightGBM,LightGBM,4,4,0.02,+/-2%,0.7592099370683763,0.7909090909090909,0.0
LightGBM,LightGBM,4,4,0.05,+/-5%,0.757178635037074,0.7909090909090909,-0.0020313020313021957
LightGBM,LightGBM,4,4,0.1,+/-10%,0.748087725946165,0.7818181818181819,-0.011122211122211234
LightGBM,LightGBM,5,0,clean,clean,0.7425072347672966,0.7545454545454545,0.0
LightGBM,LightGBM,5,0,0.02,+/-2%,0.7352856290531592,0.7545454545454545,-0.007221605714137436
LightGBM,LightGBM,5,0,0.05,+/-5%,0.7344985373569766,0.7545454545454545,-0.008008697410320065
LightGBM,LightGBM,5,0,0.1,+/-10%,0.7457387591235141,0.7636363636363637,0.00323152435621743
LightGBM,LightGBM,5,1,0.02,+/-2%,0.7352856290531592,0.7545454545454545,-0.007221605714137436
LightGBM,LightGBM,5,1,0.05,+/-5%,0.73815909248812,0.7545454545454545,-0.004348142279176681
LightGBM,LightGBM,5,1,0.1,+/-10%,0.7345641283316584,0.7545454545454545,-0.007943106435638225
LightGBM,LightGBM,5,2,0.02,+/-2%,0.7295010838301113,0.7454545454545455,-0.013006150937185379
LightGBM,LightGBM,5,2,0.05,+/-5%,0.735459311579783,0.7545454545454545,-0.007047923187513683
LightGBM,LightGBM,5,2,0.1,+/-10%,0.7386274892132011,0.7636363636363637,-0.0038797455540955372
LightGBM,LightGBM,5,3,0.02,+/-2%,0.7352856290531592,0.7545454545454545,-0.007221605714137436
LightGBM,LightGBM,5,3,0.05,+/-5%,0.7352856290531592,0.7545454545454545,-0.007221605714137436
LightGBM,LightGBM,5,3,0.1,+/-10%,0.74605263982017,0.7636363636363637,0.003545405052873374
LightGBM,LightGBM,5,4,0.02,+/-2%,0.73815909248812,0.7545454545454545,-0.004348142279176681
LightGBM,LightGBM,5,4,0.05,+/-5%,0.735459311579783,0.7545454545454545,-0.007047923187513683
LightGBM,LightGBM,5,4,0.1,+/-10%,0.7500403188078489,0.7727272727272727,0.007533084040552307
LightGBM,LightGBM,6,0,clean,clean,0.6397145998696898,0.6545454545454545,0.0
LightGBM,LightGBM,6,0,0.02,+/-2%,0.6397145998696898,0.6545454545454545,0.0
LightGBM,LightGBM,6,0,0.05,+/-5%,0.6527804813566239,0.6727272727272727,0.013065881486934106
LightGBM,LightGBM,6,0,0.1,+/-10%,0.6180718311208863,0.6454545454545455,-0.021642768748803554
LightGBM,LightGBM,6,1,0.02,+/-2%,0.6397145998696898,0.6545454545454545,0.0
LightGBM,LightGBM,6,1,0.05,+/-5%,0.6478485711615559,0.6636363636363637,0.008133971291866104
LightGBM,LightGBM,6,1,0.1,+/-10%,0.6465498698628546,0.6636363636363637,0.00683526999316475
LightGBM,LightGBM,6,2,0.02,+/-2%,0.6478485711615559,0.6636363636363637,0.008133971291866104
LightGBM,LightGBM,6,2,0.05,+/-5%,0.6459278864822505,0.6636363636363637,0.006213286612560709
LightGBM,LightGBM,6,2,0.1,+/-10%,0.6439341643076788,0.6545454545454545,0.004219564437988987
LightGBM,LightGBM,6,3,0.02,+/-2%,0.6478485711615559,0.6636363636363637,0.008133971291866104
LightGBM,LightGBM,6,3,0.05,+/-5%,0.6478485711615559,0.6636363636363637,0.008133971291866104
LightGBM,LightGBM,6,3,0.1,+/-10%,0.6562795945736055,0.6727272727272727,0.016564994703915703
LightGBM,LightGBM,6,4,0.02,+/-2%,0.6397145998696898,0.6545454545454545,0.0
LightGBM,LightGBM,6,4,0.05,+/-5%,0.6397145998696898,0.6545454545454545,0.0
LightGBM,LightGBM,6,4,0.1,+/-10%,0.647773480804334,0.6636363636363637,0.00805888093464413
