model,model_display,jitter_label,jitter_fraction,macro_f1_mean,macro_f1_std,macro_f1_ci95,accuracy_mean,accuracy_ci95,delta_macro_f1_mean,delta_macro_f1_ci95,n,n_observations,ci_unit
ADANN_LightGBM,DA-LGBM,clean,clean,0.7585633714959862,0.12787760491887495,0.10232339464961822,0.7818181818181819,0.08897204191443647,0.0,0.0,6,6,held-out subject folds
ADANN_LightGBM,DA-LGBM,+/-2%,0.02,0.7556533841945611,0.12929633329959467,0.10345861378429853,0.7790909090909092,0.09056008011366179,-0.0029099873014251138,0.005219619567674456,6,30,held-out subject folds
ADANN_LightGBM,DA-LGBM,+/-5%,0.05,0.7598656009777702,0.12820760416058524,0.1025874490371321,0.7827272727272727,0.08979962954024218,0.0013022294817838637,0.00823634099541652,6,30,held-out subject folds
ADANN_LightGBM,DA-LGBM,+/-10%,0.1,0.7615342901898375,0.1314813386739915,0.10520698221345218,0.7836363636363637,0.0933192011339332,0.0029709186938512316,0.01347300143204229,6,30,held-out subject folds
ADANN,ADANN,clean,clean,0.6311126655238883,0.12079685230444702,0.09665761255554425,0.6636363636363637,0.0898008080362696,0.0,0.0,6,6,held-out subject folds
ADANN,ADANN,+/-2%,0.02,0.616736393375116,0.12271374405415608,0.09819144540399734,0.649090909090909,0.08770697218406855,-0.014376272148772393,0.008299499021256146,6,30,held-out subject folds
ADANN,ADANN,+/-5%,0.05,0.6183840164519224,0.1184101995965767,0.094747892655223,0.6509090909090909,0.08488638668613538,-0.012728649071965997,0.005212089601980208,6,30,held-out subject folds
ADANN,ADANN,+/-10%,0.1,0.6137601447137631,0.11714954677403747,0.09373916031026963,0.6478787878787878,0.08424899978697435,-0.017352520810125296,0.009448592697864822,6,30,held-out subject folds
LightGBM,LightGBM,clean,clean,0.7216189540718986,0.12294328862206486,0.09837511931176804,0.7409090909090909,0.09278580446189962,0.0,0.0,6,6,held-out subject folds
LightGBM,LightGBM,+/-2%,0.02,0.7214152327987556,0.11228148197600364,0.08984389721220698,0.7406060606060606,0.08656857682803396,-0.00020372127314305738,0.011549808495667549,6,30,held-out subject folds
LightGBM,LightGBM,+/-5%,0.05,0.7205253963912707,0.11064892719019559,0.0885375813194333,0.7412121212121212,0.08440963357690694,-0.0010935576806280136,0.013164029166574142,6,30,held-out subject folds
LightGBM,LightGBM,+/-10%,0.1,0.7162607082938077,0.11251620806009291,0.09003171719641816,0.7384848484848484,0.0861949109945538,-0.005358245778090979,0.011358447126289627,6,30,held-out subject folds
