model,model_display,fold,repeat,drift_fraction,drift_label,macro_f1,accuracy,delta_macro_f1
ADANN_LightGBM,DA-LGBM,1,0,clean,clean,0.8768891926786665,0.8909090909090909,0.0
ADANN_LightGBM,DA-LGBM,1,0,0.02,light,0.8677589290029482,0.8818181818181818,-0.009130263675718342
ADANN_LightGBM,DA-LGBM,1,0,0.05,medium,0.8394311570782158,0.8545454545454545,-0.03745803560045069
ADANN_LightGBM,DA-LGBM,1,0,0.1,heavy,0.8381324557795146,0.8545454545454545,-0.03875673689915193
ADANN_LightGBM,DA-LGBM,1,1,0.02,light,0.8724840715687399,0.8818181818181818,-0.004405121109926635
ADANN_LightGBM,DA-LGBM,1,1,0.05,medium,0.8675377508329454,0.8818181818181818,-0.00935144184572112
ADANN_LightGBM,DA-LGBM,1,1,0.1,heavy,0.8528367082681257,0.8636363636363636,-0.024052484410540753
ADANN_LightGBM,DA-LGBM,1,2,0.02,light,0.8675377508329454,0.8818181818181818,-0.00935144184572112
ADANN_LightGBM,DA-LGBM,1,2,0.05,medium,0.8515245059795752,0.8727272727272727,-0.02536468669909131
ADANN_LightGBM,DA-LGBM,1,2,0.1,heavy,0.8649389825860414,0.8727272727272727,-0.011950210092625091
ADANN_LightGBM,DA-LGBM,1,3,0.02,light,0.8675377508329454,0.8818181818181818,-0.00935144184572112
ADANN_LightGBM,DA-LGBM,1,3,0.05,medium,0.860465242818184,0.8727272727272727,-0.016423949860482456
ADANN_LightGBM,DA-LGBM,1,3,0.1,heavy,0.8320778344983243,0.8454545454545455,-0.04481135818034221
ADANN_LightGBM,DA-LGBM,1,4,0.02,light,0.8487506645401383,0.8636363636363636,-0.02813852813852824
ADANN_LightGBM,DA-LGBM,1,4,0.05,medium,0.8223271677817133,0.8454545454545455,-0.054562024896953165
ADANN_LightGBM,DA-LGBM,1,4,0.1,heavy,0.8409771523418752,0.8636363636363636,-0.035912040336791295
ADANN_LightGBM,DA-LGBM,2,0,clean,clean,0.5544675912322972,0.6181818181818182,0.0
ADANN_LightGBM,DA-LGBM,2,0,0.02,light,0.5417160459301822,0.6090909090909091,-0.012751545302114975
ADANN_LightGBM,DA-LGBM,2,0,0.05,medium,0.5551455708013546,0.6181818181818182,0.000677979569057463
ADANN_LightGBM,DA-LGBM,2,0,0.1,heavy,0.5229364142077615,0.5818181818181818,-0.03153117702453567
ADANN_LightGBM,DA-LGBM,2,1,0.02,light,0.5559193180921298,0.6181818181818182,0.001451726859832636
ADANN_LightGBM,DA-LGBM,2,1,0.05,medium,0.533202841815282,0.6,-0.021264749417015172
ADANN_LightGBM,DA-LGBM,2,1,0.1,heavy,0.5352216459413467,0.6,-0.019245945290950472
ADANN_LightGBM,DA-LGBM,2,2,0.02,light,0.552537480344967,0.6181818181818182,-0.0019301108873301942
ADANN_LightGBM,DA-LGBM,2,2,0.05,medium,0.560208645961822,0.6181818181818182,0.005741054729524797
ADANN_LightGBM,DA-LGBM,2,2,0.1,heavy,0.5663542903866847,0.6272727272727273,0.011886699154387559
ADANN_LightGBM,DA-LGBM,2,3,0.02,light,0.5725289463327741,0.6363636363636364,0.018061355100476906
ADANN_LightGBM,DA-LGBM,2,3,0.05,medium,0.5458963031853057,0.6090909090909091,-0.008571288046991477
ADANN_LightGBM,DA-LGBM,2,3,0.1,heavy,0.5481613302978444,0.6090909090909091,-0.006306260934452745
ADANN_LightGBM,DA-LGBM,2,4,0.02,light,0.5538955993501449,0.6181818181818182,-0.0005719918821522896
ADANN_LightGBM,DA-LGBM,2,4,0.05,medium,0.5743866730708835,0.6363636363636364,0.019919081838586372
ADANN_LightGBM,DA-LGBM,2,4,0.1,heavy,0.5906882027571683,0.6454545454545455,0.036220611524871105
ADANN_LightGBM,DA-LGBM,3,0,clean,clean,0.8823498935939128,0.8818181818181818,0.0
ADANN_LightGBM,DA-LGBM,3,0,0.02,light,0.8902273102948588,0.8909090909090909,0.007877416700945994
ADANN_LightGBM,DA-LGBM,3,0,0.05,medium,0.8808364460278336,0.8818181818181818,-0.0015134475660791846
ADANN_LightGBM,DA-LGBM,3,0,0.1,heavy,0.8629609492049682,0.8636363636363636,-0.019388944388944562
ADANN_LightGBM,DA-LGBM,3,1,0.02,light,0.880054382087875,0.8818181818181818,-0.002295511506037795
ADANN_LightGBM,DA-LGBM,3,1,0.05,medium,0.8704451316891508,0.8727272727272727,-0.011904761904761973
ADANN_LightGBM,DA-LGBM,3,1,0.1,heavy,0.8709862572302763,0.8727272727272727,-0.011363636363636465
ADANN_LightGBM,DA-LGBM,3,2,0.02,light,0.8902273102948588,0.8909090909090909,0.007877416700945994
ADANN_LightGBM,DA-LGBM,3,2,0.05,medium,0.8813701715615591,0.8818181818181818,-0.000979722032353747
ADANN_LightGBM,DA-LGBM,3,2,0.1,heavy,0.8575575756074024,0.8636363636363636,-0.02479231798651038
ADANN_LightGBM,DA-LGBM,3,3,0.02,light,0.8891680754120945,0.8909090909090909,0.006818181818181723
ADANN_LightGBM,DA-LGBM,3,3,0.05,medium,0.8795132565467494,0.8818181818181818,-0.002836637047163415
ADANN_LightGBM,DA-LGBM,3,3,0.1,heavy,0.8530852498555848,0.8545454545454545,-0.029264643738328044
ADANN_LightGBM,DA-LGBM,3,4,0.02,light,0.8795132565467494,0.8818181818181818,-0.002836637047163415
ADANN_LightGBM,DA-LGBM,3,4,0.05,medium,0.8700981102894978,0.8727272727272727,-0.01225178330441501
ADANN_LightGBM,DA-LGBM,3,4,0.1,heavy,0.8893503036052505,0.8909090909090909,0.0070004100113376655
ADANN_LightGBM,DA-LGBM,4,0,clean,clean,0.7695496770731881,0.8,0.0
ADANN_LightGBM,DA-LGBM,4,0,0.02,light,0.7642581306749222,0.8,-0.0052915463982659006
ADANN_LightGBM,DA-LGBM,4,0,0.05,medium,0.7822117276662731,0.8090909090909091,0.012662050593085006
ADANN_LightGBM,DA-LGBM,4,0,0.1,heavy,0.769681585471059,0.8,0.0001319083978709168
ADANN_LightGBM,DA-LGBM,4,1,0.02,light,0.7695496770731881,0.8,0.0
ADANN_LightGBM,DA-LGBM,4,1,0.05,medium,0.7759464423632338,0.8090909090909091,0.006396765290045736
ADANN_LightGBM,DA-LGBM,4,1,0.1,heavy,0.7626626247315902,0.8,-0.006887052341597921
ADANN_LightGBM,DA-LGBM,4,2,0.02,light,0.7726526347216002,0.8090909090909091,0.0031029576484120636
ADANN_LightGBM,DA-LGBM,4,2,0.05,medium,0.7987012987012986,0.8272727272727273,0.02915162162811047
ADANN_LightGBM,DA-LGBM,4,2,0.1,heavy,0.7626626247315902,0.8,-0.006887052341597921
ADANN_LightGBM,DA-LGBM,4,3,0.02,light,0.795474016238634,0.8272727272727273,0.025924339165445898
ADANN_LightGBM,DA-LGBM,4,3,0.05,medium,0.7729161393329309,0.8090909090909091,0.0033664622597427973
ADANN_LightGBM,DA-LGBM,4,3,0.1,heavy,0.7721969500553892,0.8090909090909091,0.002647272982201132
ADANN_LightGBM,DA-LGBM,4,4,0.02,light,0.7678513753748863,0.8,-0.001698301698301763
ADANN_LightGBM,DA-LGBM,4,4,0.05,medium,0.7642581306749222,0.8,-0.0052915463982659006
ADANN_LightGBM,DA-LGBM,4,4,0.1,heavy,0.7813106433796088,0.8181818181818182,0.01176096630642065
ADANN_LightGBM,DA-LGBM,5,0,clean,clean,0.6291217824000898,0.6636363636363637,0.0
ADANN_LightGBM,DA-LGBM,5,0,0.02,light,0.6098800064744337,0.6454545454545455,-0.019241775925656013
ADANN_LightGBM,DA-LGBM,5,0,0.05,medium,0.6165070769936224,0.6545454545454545,-0.012614705406467364
ADANN_LightGBM,DA-LGBM,5,0,0.1,heavy,0.614093749387867,0.6454545454545455,-0.015028033012222775
ADANN_LightGBM,DA-LGBM,5,1,0.02,light,0.6313556322978856,0.6636363636363637,0.0022338498977958476
ADANN_LightGBM,DA-LGBM,5,1,0.05,medium,0.6359629210594103,0.6727272727272727,0.006841138659320567
ADANN_LightGBM,DA-LGBM,5,1,0.1,heavy,0.6200814337177973,0.6545454545454545,-0.00904034868229242
ADANN_LightGBM,DA-LGBM,5,2,0.02,light,0.6194038159982432,0.6545454545454545,-0.009717966401846523
ADANN_LightGBM,DA-LGBM,5,2,0.05,medium,0.6170425409096955,0.6545454545454545,-0.012079241490394299
ADANN_LightGBM,DA-LGBM,5,2,0.1,heavy,0.6132125997028897,0.6454545454545455,-0.015909182697200097
ADANN_LightGBM,DA-LGBM,5,3,0.02,light,0.6210242989021485,0.6545454545454545,-0.00809748349794126
ADANN_LightGBM,DA-LGBM,5,3,0.05,medium,0.6323154399779787,0.6636363636363637,0.00319365757788892
ADANN_LightGBM,DA-LGBM,5,3,0.1,heavy,0.6011932440960575,0.6363636363636364,-0.027928538304032302
ADANN_LightGBM,DA-LGBM,5,4,0.02,light,0.6376846841448097,0.6727272727272727,0.008562901744719964
ADANN_LightGBM,DA-LGBM,5,4,0.05,medium,0.6150284207770839,0.6545454545454545,-0.014093361623005896
ADANN_LightGBM,DA-LGBM,5,4,0.1,heavy,0.6122821029238141,0.6454545454545455,-0.016839679476275626
ADANN_LightGBM,DA-LGBM,6,0,clean,clean,0.6907327382415795,0.7181818181818181,0.0
ADANN_LightGBM,DA-LGBM,6,0,0.02,light,0.6603380670366318,0.7,-0.030394671204947765
ADANN_LightGBM,DA-LGBM,6,0,0.05,medium,0.6324763897653924,0.6727272727272727,-0.0582563484761871
ADANN_LightGBM,DA-LGBM,6,0,0.1,heavy,0.691116511253811,0.7181818181818181,0.00038377301223146976
ADANN_LightGBM,DA-LGBM,6,1,0.02,light,0.6571575909171817,0.6909090909090909,-0.033575147324397814
ADANN_LightGBM,DA-LGBM,6,1,0.05,medium,0.6314481896521809,0.6727272727272727,-0.05928454858939869
ADANN_LightGBM,DA-LGBM,6,1,0.1,heavy,0.6828648756878422,0.7090909090909091,-0.007867862553737393
ADANN_LightGBM,DA-LGBM,6,2,0.02,light,0.6595853344516447,0.6909090909090909,-0.031147403789934858
ADANN_LightGBM,DA-LGBM,6,2,0.05,medium,0.6920793533233724,0.7181818181818181,0.0013466150817929012
ADANN_LightGBM,DA-LGBM,6,2,0.1,heavy,0.6520783564261825,0.6909090909090909,-0.03865438181539704
ADANN_LightGBM,DA-LGBM,6,3,0.02,light,0.6571575909171817,0.6909090909090909,-0.033575147324397814
ADANN_LightGBM,DA-LGBM,6,3,0.05,medium,0.6204401658947115,0.6727272727272727,-0.07029257234686803
ADANN_LightGBM,DA-LGBM,6,3,0.1,heavy,0.6148317392336531,0.6636363636363637,-0.07590099900792646
ADANN_LightGBM,DA-LGBM,6,4,0.02,light,0.6419151258723452,0.6818181818181818,-0.04881761236923432
ADANN_LightGBM,DA-LGBM,6,4,0.05,medium,0.6478597679970679,0.6909090909090909,-0.04287297024451164
ADANN_LightGBM,DA-LGBM,6,4,0.1,heavy,0.6243008707539601,0.6818181818181818,-0.06643186748761942
ADANN,ADANN,1,0,clean,clean,0.9074429546137472,0.9090909090909091,0.0
ADANN,ADANN,1,0,0.02,light,0.8701556262196996,0.8727272727272727,-0.03728732839404769
ADANN,ADANN,1,0,0.05,medium,0.819272530318921,0.8272727272727273,-0.08817042429482624
ADANN,ADANN,1,0,0.1,heavy,0.85716909353273,0.8636363636363636,-0.05027386108101728
ADANN,ADANN,1,1,0.02,light,0.8657359652574964,0.8727272727272727,-0.041706989356250834
ADANN,ADANN,1,1,0.05,medium,0.8932606999592646,0.9,-0.01418225465448264
ADANN,ADANN,1,1,0.1,heavy,0.8149308885025182,0.8181818181818182,-0.09251206611122909
ADANN,ADANN,1,2,0.02,light,0.8562326285230384,0.8636363636363636,-0.05121032609070886
ADANN,ADANN,1,2,0.05,medium,0.8754286903028323,0.8818181818181818,-0.03201426431091492
ADANN,ADANN,1,2,0.1,heavy,0.8405811360356814,0.8454545454545455,-0.06686181857806583
ADANN,ADANN,1,3,0.02,light,0.8487455913709296,0.8545454545454545,-0.0586973632428176
ADANN,ADANN,1,3,0.05,medium,0.8951119310387046,0.9,-0.012331023575042677
ADANN,ADANN,1,3,0.1,heavy,0.8207383822357085,0.8272727272727273,-0.08670457237803875
ADANN,ADANN,1,4,0.02,light,0.8932606999592646,0.9,-0.01418225465448264
ADANN,ADANN,1,4,0.05,medium,0.8585722346903958,0.8636363636363636,-0.04887071992335146
ADANN,ADANN,1,4,0.1,heavy,0.8123612933035467,0.8181818181818182,-0.09508166131020057
ADANN,ADANN,2,0,clean,clean,0.6039197073679833,0.6363636363636364,0.0
ADANN,ADANN,2,0,0.02,light,0.5677316835211572,0.5909090909090909,-0.03618802384682607
ADANN,ADANN,2,0,0.05,medium,0.6000031157925895,0.6454545454545455,-0.003916591575393813
ADANN,ADANN,2,0,0.1,heavy,0.546077047793295,0.5636363636363636,-0.05784265957468826
ADANN,ADANN,2,1,0.02,light,0.5677512030453207,0.5909090909090909,-0.03616850432266261
ADANN,ADANN,2,1,0.05,medium,0.5614407048889808,0.5909090909090909,-0.04247900247900249
ADANN,ADANN,2,1,0.1,heavy,0.47820098894512436,0.5,-0.12571871842285892
ADANN,ADANN,2,2,0.02,light,0.5589301885853609,0.5818181818181818,-0.04498951878262236
ADANN,ADANN,2,2,0.05,medium,0.5284275785612684,0.5454545454545454,-0.07549212880671485
ADANN,ADANN,2,2,0.1,heavy,0.5756563865831601,0.6090909090909091,-0.028263320784823187
ADANN,ADANN,2,3,0.02,light,0.5755991336753588,0.6090909090909091,-0.02832057369262453
ADANN,ADANN,2,3,0.05,medium,0.5403607673064276,0.5636363636363636,-0.06355894006155571
ADANN,ADANN,2,3,0.1,heavy,0.5508472776044933,0.5727272727272728,-0.053072429763490026
ADANN,ADANN,2,4,0.02,light,0.5586454835258663,0.5818181818181818,-0.04527422384211699
ADANN,ADANN,2,4,0.05,medium,0.5637042449383648,0.5909090909090909,-0.04021546242961849
ADANN,ADANN,2,4,0.1,heavy,0.48919393737575556,0.5,-0.11472576999222772
ADANN,ADANN,3,0,clean,clean,0.6057658013078417,0.6545454545454545,0.0
ADANN,ADANN,3,0,0.02,light,0.5764716399103751,0.6363636363636364,-0.029294161397466656
ADANN,ADANN,3,0,0.05,medium,0.5929619315765744,0.6454545454545455,-0.012803869731267348
ADANN,ADANN,3,0,0.1,heavy,0.5636990591536045,0.6272727272727273,-0.042066742154237224
ADANN,ADANN,3,1,0.02,light,0.6035186669574022,0.6545454545454545,-0.0022471343504395502
ADANN,ADANN,3,1,0.05,medium,0.6182335932118724,0.6636363636363637,0.01246779190403069
ADANN,ADANN,3,1,0.1,heavy,0.5808141422869944,0.6363636363636364,-0.024951659020847394
ADANN,ADANN,3,2,0.02,light,0.5672730235347253,0.6272727272727273,-0.03849277777311644
ADANN,ADANN,3,2,0.05,medium,0.5808530896943628,0.6363636363636364,-0.024912711613478966
ADANN,ADANN,3,2,0.1,heavy,0.6220465476758383,0.6636363636363637,0.01628074636799659
ADANN,ADANN,3,3,0.02,light,0.5783360345977363,0.6363636363636364,-0.02742976671010544
ADANN,ADANN,3,3,0.05,medium,0.5825355387972405,0.6363636363636364,-0.02323026251060123
ADANN,ADANN,3,3,0.1,heavy,0.6323686451043614,0.6727272727272727,0.02660284379651967
ADANN,ADANN,3,4,0.02,light,0.5818924620672072,0.6363636363636364,-0.023873339240634506
ADANN,ADANN,3,4,0.05,medium,0.5828634936706499,0.6363636363636364,-0.02290230763719181
ADANN,ADANN,3,4,0.1,heavy,0.6099003360747876,0.6545454545454545,0.004134534766945808
ADANN,ADANN,4,0,clean,clean,0.4995778264491783,0.5727272727272728,0.0
ADANN,ADANN,4,0,0.02,light,0.5116064043483398,0.6,0.012028577899161508
ADANN,ADANN,4,0,0.05,medium,0.5708509476837923,0.6454545454545455,0.07127312123461399
ADANN,ADANN,4,0,0.1,heavy,0.6229112224960882,0.6727272727272727,0.1233333960469099
ADANN,ADANN,4,1,0.02,light,0.5417728204809544,0.6181818181818182,0.04219499403177612
ADANN,ADANN,4,1,0.05,medium,0.5535842862003636,0.6363636363636364,0.05400645975118529
ADANN,ADANN,4,1,0.1,heavy,0.6221478804161317,0.6727272727272727,0.12257005396695336
ADANN,ADANN,4,2,0.02,light,0.565956432373224,0.6454545454545455,0.06637860592404571
ADANN,ADANN,4,2,0.05,medium,0.5978134388297728,0.6636363636363637,0.09823561238059447
ADANN,ADANN,4,2,0.1,heavy,0.5620530912835887,0.6363636363636364,0.062475264834410404
ADANN,ADANN,4,3,0.02,light,0.5391458472249995,0.6181818181818182,0.03956802077582117
ADANN,ADANN,4,3,0.05,medium,0.5909803362781421,0.6636363636363637,0.09140250982896375
ADANN,ADANN,4,3,0.1,heavy,0.5255745790873948,0.6181818181818182,0.02599675263821649
ADANN,ADANN,4,4,0.02,light,0.5667544493705268,0.6454545454545455,0.06717662292134846
ADANN,ADANN,4,4,0.05,medium,0.5767673079271826,0.6454545454545455,0.07718948147800425
ADANN,ADANN,4,4,0.1,heavy,0.5405728947488296,0.6272727272727273,0.04099506829965133
ADANN,ADANN,5,0,clean,clean,0.6261394858073721,0.6454545454545455,0.0
ADANN,ADANN,5,0,0.02,light,0.5880226648555095,0.6090909090909091,-0.03811682095186264
ADANN,ADANN,5,0,0.05,medium,0.5832607600936047,0.6,-0.042878725713767385
ADANN,ADANN,5,0,0.1,heavy,0.594530677284688,0.6090909090909091,-0.031608808522684106
ADANN,ADANN,5,1,0.02,light,0.5849136526555883,0.6090909090909091,-0.04122583315178385
ADANN,ADANN,5,1,0.05,medium,0.5985933606623263,0.6181818181818182,-0.02754612514504584
ADANN,ADANN,5,1,0.1,heavy,0.5832067033832012,0.6,-0.04293278242417087
ADANN,ADANN,5,2,0.02,light,0.585827119918029,0.6090909090909091,-0.04031236588934306
ADANN,ADANN,5,2,0.05,medium,0.5968006086179733,0.6181818181818182,-0.02933887718939876
ADANN,ADANN,5,2,0.1,heavy,0.5989660277937789,0.6181818181818182,-0.027173458013593166
ADANN,ADANN,5,3,0.02,light,0.6081595172504263,0.6272727272727273,-0.017979968556945836
ADANN,ADANN,5,3,0.05,medium,0.5407507448563167,0.5727272727272728,-0.08538874095105542
ADANN,ADANN,5,3,0.1,heavy,0.5932857431661259,0.6181818181818182,-0.032853742641246186
ADANN,ADANN,5,4,0.02,light,0.6097377718067374,0.6272727272727273,-0.016401714000634726
ADANN,ADANN,5,4,0.05,medium,0.6022906271710101,0.6272727272727273,-0.02384885863636199
ADANN,ADANN,5,4,0.1,heavy,0.56319492144851,0.5818181818181818,-0.06294456435886209
ADANN,ADANN,6,0,clean,clean,0.5587808417997097,0.6363636363636364,0.0
ADANN,ADANN,6,0,0.02,light,0.5533608691503429,0.6272727272727273,-0.005419972649366778
ADANN,ADANN,6,0,0.05,medium,0.5533608691503429,0.6272727272727273,-0.005419972649366778
ADANN,ADANN,6,0,0.1,heavy,0.5551115551115551,0.6363636363636364,-0.0036692866881545827
ADANN,ADANN,6,1,0.02,light,0.5533608691503429,0.6272727272727273,-0.005419972649366778
ADANN,ADANN,6,1,0.05,medium,0.5533608691503429,0.6272727272727273,-0.005419972649366778
ADANN,ADANN,6,1,0.1,heavy,0.5568505568505568,0.6363636363636364,-0.0019302849491528162
ADANN,ADANN,6,2,0.02,light,0.5533608691503429,0.6272727272727273,-0.005419972649366778
ADANN,ADANN,6,2,0.05,medium,0.5533608691503429,0.6272727272727273,-0.005419972649366778
ADANN,ADANN,6,2,0.1,heavy,0.5572490402679082,0.6363636363636364,-0.0015318015318014355
ADANN,ADANN,6,3,0.02,light,0.5533608691503429,0.6272727272727273,-0.005419972649366778
ADANN,ADANN,6,3,0.05,medium,0.5587808417997097,0.6363636363636364,0.0
ADANN,ADANN,6,3,0.1,heavy,0.551216885188177,0.6272727272727273,-0.007563956611532641
ADANN,ADANN,6,4,0.02,light,0.5533608691503429,0.6272727272727273,-0.005419972649366778
ADANN,ADANN,6,4,0.05,medium,0.5587808417997097,0.6363636363636364,0.0
ADANN,ADANN,6,4,0.1,heavy,0.5533608691503429,0.6272727272727273,-0.005419972649366778
LightGBM,LightGBM,1,0,clean,clean,0.8958878114099051,0.9,0.0
LightGBM,LightGBM,1,0,0.02,light,0.8848882049557534,0.8909090909090909,-0.010999606454151767
LightGBM,LightGBM,1,0,0.05,medium,0.8641812139138342,0.8727272727272727,-0.031706597496070965
LightGBM,LightGBM,1,0,0.1,heavy,0.8763156371726594,0.8818181818181818,-0.019572174237245776
LightGBM,LightGBM,1,1,0.02,light,0.8862424859751061,0.8909090909090909,-0.009645325434799012
LightGBM,LightGBM,1,1,0.05,medium,0.8848882049557534,0.8909090909090909,-0.010999606454151767
LightGBM,LightGBM,1,1,0.1,heavy,0.8963600664276149,0.9,0.0004722550177097551
LightGBM,LightGBM,1,2,0.02,light,0.8862424859751061,0.8909090909090909,-0.009645325434799012
LightGBM,LightGBM,1,2,0.05,medium,0.8761680574796251,0.8818181818181818,-0.019719753930280026
LightGBM,LightGBM,1,2,0.1,heavy,0.8831857536402989,0.8909090909090909,-0.012702057769606201
LightGBM,LightGBM,1,3,0.02,light,0.8958878114099051,0.9,0.0
LightGBM,LightGBM,1,3,0.05,medium,0.8848882049557534,0.8909090909090909,-0.010999606454151767
LightGBM,LightGBM,1,3,0.1,heavy,0.8630103947089593,0.8727272727272727,-0.032877416700945794
LightGBM,LightGBM,1,4,0.02,light,0.8862424859751061,0.8909090909090909,-0.009645325434799012
LightGBM,LightGBM,1,4,0.05,medium,0.8743355649274102,0.8818181818181818,-0.021552246482494986
LightGBM,LightGBM,1,4,0.1,heavy,0.8739420190793189,0.8818181818181818,-0.021945792330586245
LightGBM,LightGBM,2,0,clean,clean,0.6567222251432777,0.6727272727272727,0.0
LightGBM,LightGBM,2,0,0.02,light,0.696514649618125,0.7181818181818181,0.03979242447484732
LightGBM,LightGBM,2,0,0.05,medium,0.6484274362807022,0.6727272727272727,-0.008294788862575508
LightGBM,LightGBM,2,0,0.1,heavy,0.5940792718867586,0.6181818181818182,-0.06264295325651914
LightGBM,LightGBM,2,1,0.02,light,0.6899387047088316,0.7090909090909091,0.03321647956555385
LightGBM,LightGBM,2,1,0.05,medium,0.6476252434896079,0.6818181818181818,-0.009096981653669789
LightGBM,LightGBM,2,1,0.1,heavy,0.6144829652006686,0.6363636363636364,-0.04223925994260913
LightGBM,LightGBM,2,2,0.02,light,0.6821722206785656,0.7090909090909091,0.025449995535287928
LightGBM,LightGBM,2,2,0.05,medium,0.6405045672031316,0.6727272727272727,-0.01621765794014607
LightGBM,LightGBM,2,2,0.1,heavy,0.6275886460237228,0.6363636363636364,-0.029133579119554942
LightGBM,LightGBM,2,3,0.02,light,0.6473612134465918,0.6727272727272727,-0.009361011696685906
LightGBM,LightGBM,2,3,0.05,medium,0.7020881314557204,0.7272727272727273,0.04536590631244264
LightGBM,LightGBM,2,3,0.1,heavy,0.6225880760086391,0.6454545454545455,-0.034134149134638636
LightGBM,LightGBM,2,4,0.02,light,0.665300122126564,0.6909090909090909,0.00857789698328626
LightGBM,LightGBM,2,4,0.05,medium,0.6255116671384614,0.6454545454545455,-0.031210558004816313
LightGBM,LightGBM,2,4,0.1,heavy,0.6104562986108281,0.6272727272727273,-0.04626592653244965
LightGBM,LightGBM,3,0,clean,clean,0.7690118310807965,0.7818181818181819,0.0
LightGBM,LightGBM,3,0,0.02,light,0.7851498175027586,0.7909090909090909,0.01613798642196207
LightGBM,LightGBM,3,0,0.05,medium,0.7724505359357718,0.7909090909090909,0.0034387048549753274
LightGBM,LightGBM,3,0,0.1,heavy,0.7417825111501,0.7636363636363637,-0.02722931993069655
LightGBM,LightGBM,3,1,0.02,light,0.7618534051162936,0.7818181818181819,-0.00715842596450289
LightGBM,LightGBM,3,1,0.05,medium,0.7633241840250001,0.7909090909090909,-0.005687647055796385
LightGBM,LightGBM,3,1,0.1,heavy,0.7898606082749304,0.8,0.020848777194133916
LightGBM,LightGBM,3,2,0.02,light,0.7619148528239438,0.7818181818181819,-0.007096978256852737
LightGBM,LightGBM,3,2,0.05,medium,0.7533245186186363,0.7909090909090909,-0.015687312462160263
LightGBM,LightGBM,3,2,0.1,heavy,0.8040374829848513,0.8181818181818182,0.03502565190405482
LightGBM,LightGBM,3,3,0.02,light,0.7776929894945752,0.7909090909090909,0.0086811584137787
LightGBM,LightGBM,3,3,0.05,medium,0.7664771216108114,0.7909090909090909,-0.0025347094699851302
LightGBM,LightGBM,3,3,0.1,heavy,0.7566223076569507,0.7818181818181819,-0.012389523423845805
LightGBM,LightGBM,3,4,0.02,light,0.7357764635839501,0.7545454545454545,-0.03323536749684641
LightGBM,LightGBM,3,4,0.05,medium,0.7683567831611738,0.7818181818181819,-0.0006550479196226755
LightGBM,LightGBM,3,4,0.1,heavy,0.7784688078805726,0.7909090909090909,0.009456976799776085
LightGBM,LightGBM,4,0,clean,clean,0.7567124345708738,0.7909090909090909,0.0
LightGBM,LightGBM,4,0,0.02,light,0.7066759390798328,0.7545454545454545,-0.050036495491040944
LightGBM,LightGBM,4,0,0.05,medium,0.7255264919432837,0.7636363636363637,-0.031185942627590113
LightGBM,LightGBM,4,0,0.1,heavy,0.7494094422324088,0.7818181818181819,-0.007302992338464986
LightGBM,LightGBM,4,1,0.02,light,0.7286358582105446,0.7636363636363637,-0.02807657636032923
LightGBM,LightGBM,4,1,0.05,medium,0.7463894242478634,0.7818181818181819,-0.010323010323010418
LightGBM,LightGBM,4,1,0.1,heavy,0.6971286770206091,0.7454545454545455,-0.05958375755026468
LightGBM,LightGBM,4,2,0.02,light,0.7322746713771298,0.7636363636363637,-0.024437763193744022
LightGBM,LightGBM,4,2,0.05,medium,0.736534597778617,0.7727272727272727,-0.02017783679225682
LightGBM,LightGBM,4,2,0.1,heavy,0.6887507433254296,0.7363636363636363,-0.06796169124544416
LightGBM,LightGBM,4,3,0.02,light,0.7166443332587534,0.7636363636363637,-0.04006810131212035
LightGBM,LightGBM,4,3,0.05,medium,0.7141304805472722,0.7545454545454545,-0.04258195402360154
LightGBM,LightGBM,4,3,0.1,heavy,0.7066759390798328,0.7545454545454545,-0.050036495491040944
LightGBM,LightGBM,4,4,0.02,light,0.7369378444613554,0.7727272727272727,-0.01977459010951843
LightGBM,LightGBM,4,4,0.05,medium,0.694821127225021,0.7454545454545455,-0.0618913073458528
LightGBM,LightGBM,4,4,0.1,heavy,0.7265513929681846,0.7636363636363637,-0.030161041602689176
LightGBM,LightGBM,5,0,clean,clean,0.7010618119346053,0.7181818181818181,0.0
LightGBM,LightGBM,5,0,0.02,light,0.6992524354964547,0.7181818181818181,-0.0018093764381506006
LightGBM,LightGBM,5,0,0.05,medium,0.7101969596374597,0.7272727272727273,0.009135147702854396
LightGBM,LightGBM,5,0,0.1,heavy,0.7491542046107473,0.7636363636363637,0.04809239267614207
LightGBM,LightGBM,5,1,0.02,light,0.7214746577186768,0.7454545454545455,0.020412845784071543
LightGBM,LightGBM,5,1,0.05,medium,0.6985779891698344,0.7181818181818181,-0.002483822764770882
LightGBM,LightGBM,5,1,0.1,heavy,0.733771635025796,0.7454545454545455,0.03270982309119075
LightGBM,LightGBM,5,2,0.02,light,0.7113997504512561,0.7272727272727273,0.01033793851665088
LightGBM,LightGBM,5,2,0.05,medium,0.7314234208371829,0.7454545454545455,0.030361608902577664
LightGBM,LightGBM,5,2,0.1,heavy,0.7450037036108058,0.7727272727272727,0.04394189167620055
LightGBM,LightGBM,5,3,0.02,light,0.7097743210183401,0.7272727272727273,0.008712509083734887
LightGBM,LightGBM,5,3,0.05,medium,0.7209798910474396,0.7454545454545455,0.019918079112834386
LightGBM,LightGBM,5,3,0.1,heavy,0.7601704390615169,0.7818181818181819,0.05910862712691167
LightGBM,LightGBM,5,4,0.02,light,0.7017959705635006,0.7181818181818181,0.000734158628895365
LightGBM,LightGBM,5,4,0.05,medium,0.7121415072090558,0.7363636363636363,0.011079695274450518
LightGBM,LightGBM,5,4,0.1,heavy,0.7197580865531403,0.7363636363636363,0.01869627461853507
LightGBM,LightGBM,6,0,clean,clean,0.6870998220280516,0.7090909090909091,0.0
LightGBM,LightGBM,6,0,0.02,light,0.7321831700525763,0.7454545454545455,0.04508334802452463
LightGBM,LightGBM,6,0,0.05,medium,0.70743725833645,0.7272727272727273,0.02033743630839835
LightGBM,LightGBM,6,0,0.1,heavy,0.6902788681373073,0.7,0.0031790461092556788
LightGBM,LightGBM,6,1,0.02,light,0.7407614315509053,0.7545454545454545,0.053661609522853704
LightGBM,LightGBM,6,1,0.05,medium,0.6854190466630659,0.7,-0.001680775364985787
LightGBM,LightGBM,6,1,0.1,heavy,0.6786405861640973,0.7,-0.008459235863954362
LightGBM,LightGBM,6,2,0.02,light,0.6899128693387068,0.7090909090909091,0.0028130473106551257
LightGBM,LightGBM,6,2,0.05,medium,0.7114768373389063,0.7363636363636363,0.024377015310854677
LightGBM,LightGBM,6,2,0.1,heavy,0.6551837337251082,0.6818181818181818,-0.03191608830294346
LightGBM,LightGBM,6,3,0.02,light,0.7195917704909621,0.7363636363636363,0.03249194846291048
LightGBM,LightGBM,6,3,0.05,medium,0.6661119170111086,0.6909090909090909,-0.02098790501694303
LightGBM,LightGBM,6,3,0.1,heavy,0.670237174663012,0.6818181818181818,-0.016862647365039618
LightGBM,LightGBM,6,4,0.02,light,0.7059054568046483,0.7272727272727273,0.01880563477659669
LightGBM,LightGBM,6,4,0.05,medium,0.7119229687045133,0.7272727272727273,0.024823146676461683
LightGBM,LightGBM,6,4,0.1,heavy,0.6755312989460621,0.7,-0.011568523081989524
