model,model_display,drift_label,drift_fraction,macro_f1_mean,macro_f1_std,macro_f1_ci95,accuracy_mean,accuracy_ci95,delta_macro_f1_mean,delta_macro_f1_ci95,n,n_observations,ci_unit
ADANN_LightGBM,DA-LGBM,clean,clean,0.7338518125366223,0.13326067864264224,0.10663075071414932,0.7621212121212121,0.09102012209540605,0.0,0.0,6,6,held-out subject folds
ADANN_LightGBM,DA-LGBM,light,0.02,0.7265048290853362,0.13541534470683886,0.10835484263911771,0.7569696969696968,0.09268499888033231,-0.007346983451286038,0.012094119008379684,6,30,held-out subject folds
ADANN_LightGBM,DA-LGBM,medium,0.05,0.7209194326843082,0.13190646196113934,0.10554715168967255,0.7527272727272728,0.0902099897346956,-0.012932379852314088,0.016298985484199887,6,30,held-out subject folds
ADANN_LightGBM,DA-LGBM,heavy,0.1,0.7166945088040427,0.1295256447969356,0.1036421011967739,0.7475757575757576,0.08937278237566744,-0.017157303732579617,0.012157828080291437,6,30,held-out subject folds
ADANN,ADANN,clean,clean,0.6336044362243053,0.14160588601478968,0.11330830733491075,0.6757575757575758,0.09435975547185839,0.0,0.0,6,6,held-out subject folds
ADANN,ADANN,light,0.02,0.617966035226233,0.12328255748103395,0.09864659093786428,0.6618181818181819,0.08365568367103526,-0.01563840099807246,0.025991371951584876,6,30,held-out subject folds
ADANN,ADANN,medium,0.05,0.6227455618039794,0.12113983361502988,0.096932054761609,0.6657575757575757,0.0839961345911979,-0.010858874420325999,0.037481467352396165,6,30,held-out subject folds
ADANN,ADANN,heavy,0.1,0.6124939269961492,0.10920781368977248,0.08738445035852552,0.6530303030303031,0.07715590494307577,-0.021110509228156178,0.045893879806119975,6,30,held-out subject folds
LightGBM,LightGBM,clean,clean,0.7444159893612516,0.0855041459699484,0.06841756598281591,0.7621212121212122,0.06496784823240322,0.0,0.0,6,6,held-out subject folds
LightGBM,LightGBM,light,0.02,0.7465466131088273,0.074838655720827,0.05988339638693681,0.7663636363636365,0.054394602713943196,0.0021306237475756363,0.017846207939180368,6,30,held-out subject folds
LightGBM,LightGBM,medium,0.05,0.7381880450949488,0.07712572548077846,0.0617134333334935,0.7612121212121212,0.05668061691841052,-0.0062279442663027785,0.014035347317978434,6,30,held-out subject folds
LightGBM,LightGBM,heavy,0.1,0.7326342257276978,0.09056555318347698,0.07246753523365435,0.7530303030303029,0.06896298822353865,-0.011781763633553948,0.025292918796685323,6,30,held-out subject folds
