seed,subject_id,n_test,accuracy,macro_f1,adann_test_acc,lgb_test_acc,ensemble_test_acc,gated_test_acc,adann_macro_f1,lgb_macro_f1,ensemble_macro_f1,gated_macro_f1,selected_branch,selected_test_acc,selected_ensemble_weight,val_accuracy_adann,val_accuracy_lgb,val_accuracy_ensemble,val_accuracy_gated,val_macro_f1_adann,val_macro_f1_lgb,val_macro_f1_ensemble,val_macro_f1_gated,adann_conf_threshold,lgb_conf_threshold,selection_mode,augmentation_profile,sample_normalization,selection_margin,train_on_full_fold,final_val_on_train,final_val_ratio,group_aware_final_val,optuna_best_value,optuna_best_trial
42,1,110,0.9272727272727272,0.9213009213009212,0.8454545454545455,0.9636363636363636,0.9272727272727272,0.9272727272727272,0.8306458247634718,0.9628755083300539,0.9218553376448113,0.9213009213009212,lgb,0.9636363636363636,0.5118602313424025,0.9818181818181818,0.990909090909091,0.9818181818181818,0.990909090909091,0.9817953975848713,0.9908863066757803,0.9817726133515606,0.9908863066757803,0.5,0.5,gated,search,none,0.01,True,False,0.2,False,,-1
42,2,110,0.6545454545454545,0.6238741404885605,0.5909090909090909,0.6454545454545455,0.6545454545454545,0.6545454545454545,0.5369331890862991,0.5896778723930699,0.6289566494111949,0.6238741404885605,lgb,0.6454545454545455,0.5118602313424025,0.9727272727272728,0.990909090909091,0.9818181818181818,0.990909090909091,0.9727044884939621,0.9908863066757804,0.9817726133515609,0.9908863066757804,0.5,0.5,gated,search,none,0.01,True,False,0.2,False,,-1
42,3,110,0.8909090909090909,0.8740359852800044,0.8636363636363636,0.8636363636363636,0.8636363636363636,0.8909090909090909,0.8486169598609791,0.8637805860850686,0.8486169598609791,0.8740359852800044,lgb,0.8636363636363636,0.5118602313424025,0.9818181818181818,0.9818181818181818,0.9727272727272728,0.9727272727272728,0.9817726133515606,0.982166159199652,0.973075250108743,0.973075250108743,0.5,0.5,gated,search,none,0.01,True,False,0.2,False,,-1
42,4,110,0.8636363636363636,0.8500983067968714,0.8454545454545455,0.7818181818181819,0.8454545454545455,0.8636363636363636,0.8212399009190453,0.7405273160350166,0.8269437267460983,0.8500983067968714,ensemble,0.8454545454545455,0.5118602313424025,0.9818181818181818,0.9818181818181818,0.9818181818181818,0.9818181818181818,0.9817726133515609,0.9812409812409814,0.9817726133515609,0.9817726133515609,0.5,0.5,gated,search,none,0.01,True,False,0.2,False,,-1
42,5,110,0.7363636363636363,0.71591375132045,0.7181818181818181,0.7181818181818181,0.7272727272727273,0.7363636363636363,0.6904988153791981,0.700764134855044,0.7026172524976354,0.71591375132045,lgb,0.7181818181818181,0.5118602313424025,0.9727272727272728,0.9818181818181818,0.9727272727272728,0.9727272727272728,0.9726817042606516,0.9817726133515609,0.9726817042606516,0.9726817042606516,0.5,0.5,gated,search,none,0.01,True,False,0.2,False,,-1
42,6,110,0.7818181818181819,0.7710684335472112,0.6727272727272727,0.8454545454545455,0.7454545454545455,0.7818181818181819,0.6423701080182437,0.8305947172257333,0.7284758071099463,0.7710684335472112,adann,0.6727272727272727,0.5118602313424025,0.9727272727272728,0.9636363636363636,0.9636363636363636,0.9727272727272728,0.9726817042606516,0.9635907951697426,0.964023695602643,0.9727044884939621,0.5,0.5,gated,search,none,0.01,True,False,0.2,False,,-1
123,1,110,0.9363636363636364,0.9327561327561328,0.8636363636363636,0.9545454545454546,0.9181818181818182,0.9363636363636364,0.8496956923990416,0.9533404929824367,0.9122100122100122,0.9327561327561328,ensemble,0.9181818181818182,0.5118602313424025,0.990909090909091,0.9727272727272728,0.990909090909091,0.990909090909091,0.9908863066757804,0.9727044884939621,0.9908863066757804,0.9908863066757803,0.5,0.5,gated,search,none,0.01,True,False,0.2,False,,-1
123,2,110,0.6636363636363637,0.6230206106528942,0.6272727272727273,0.5727272727272728,0.6181818181818182,0.6636363636363637,0.569798838515416,0.4915741547455102,0.5620593064812132,0.6230206106528942,lgb,0.5727272727272728,0.5118602313424025,0.9727272727272728,0.990909090909091,0.9727272727272728,0.9818181818181818,0.9730524658754324,0.9908863066757804,0.9730524658754324,0.9817726133515609,0.5,0.5,gated,search,none,0.01,True,False,0.2,False,,-1
123,3,110,0.9,0.8976107507278349,0.9,0.8454545454545455,0.9,0.9,0.8997283355853578,0.8390586557340923,0.8971151936533304,0.8976107507278349,ensemble,0.9,0.5118602313424025,0.990909090909091,0.9818181818181818,0.990909090909091,0.990909090909091,0.9908863066757804,0.982166159199652,0.9908863066757804,0.9908863066757804,0.5,0.5,gated,search,none,0.01,True,False,0.2,False,,-1
123,4,110,0.8272727272727273,0.7884511454305504,0.8545454545454545,0.7909090909090909,0.8636363636363636,0.8272727272727273,0.8502964051643062,0.7472081059037581,0.8458646616541354,0.7884511454305504,adann,0.8545454545454545,0.5118602313424025,0.9818181818181818,0.9818181818181818,0.9818181818181818,0.9818181818181818,0.982166159199652,0.9817726133515606,0.9817726133515606,0.9817726133515606,0.5,0.5,gated,search,none,0.01,True,False,0.2,False,,-1
123,5,110,0.7727272727272727,0.7405238197332301,0.7727272727272727,0.7272727272727273,0.7818181818181819,0.7727272727272727,0.7315559604979911,0.7025117789612584,0.7496375130574496,0.7405238197332301,adann,0.7727272727272727,0.5118602313424025,0.990909090909091,0.9636363636363636,0.9818181818181818,0.9818181818181818,0.9908863066757804,0.9635907951697426,0.9817726133515609,0.9817726133515609,0.5,0.5,gated,search,none,0.01,True,False,0.2,False,,-1
123,6,110,0.7545454545454545,0.7408710765733001,0.7090909090909091,0.8272727272727273,0.7272727272727273,0.7545454545454545,0.6914638274756485,0.7989287282765543,0.7103401352064455,0.7408710765733001,ensemble,0.7272727272727273,0.5118602313424025,0.9727272727272728,0.9636363636363636,0.9727272727272728,0.9727272727272728,0.9727044884939621,0.9631351105035315,0.9727044884939621,0.9727044884939621,0.5,0.5,gated,search,none,0.01,True,False,0.2,False,,-1
2025,1,110,0.9363636363636364,0.9309462467357205,0.9,0.9454545454545454,0.9363636363636364,0.9363636363636364,0.8876370654955047,0.9434632638538706,0.9309462467357205,0.9309462467357205,ensemble,0.9363636363636364,0.5118602313424025,0.9818181818181818,0.9727272727272728,0.990909090909091,0.990909090909091,0.9817726133515609,0.9731373889268627,0.9908863066757803,0.9908863066757803,0.5,0.5,gated,search,none,0.01,True,False,0.2,False,,-1
2025,2,110,0.6818181818181818,0.647822373533298,0.6818181818181818,0.6636363636363637,0.6818181818181818,0.6818181818181818,0.6432457075935337,0.6091207976655627,0.6394182671147932,0.647822373533298,ensemble,0.6818181818181818,0.5118602313424025,0.9727272727272728,0.9727272727272728,0.9727272727272728,0.9727272727272728,0.9730524658754324,0.972658920027341,0.9730524658754324,0.9730524658754324,0.5,0.5,gated,search,none,0.01,True,False,0.2,False,,-1
2025,3,110,0.8636363636363636,0.8499138823787927,0.8636363636363636,0.8454545454545455,0.8545454545454545,0.8636363636363636,0.8502592569578216,0.8381997369050563,0.8408457575211941,0.8499138823787927,ensemble,0.8545454545454545,0.5118602313424025,0.9818181818181818,0.9727272727272728,0.9818181818181818,0.9727272727272728,0.9817726133515609,0.973075250108743,0.9817726133515609,0.9730524658754324,0.5,0.5,gated,search,none,0.01,True,False,0.2,False,,-1
2025,4,110,0.8272727272727273,0.8012593467138921,0.8,0.7818181818181819,0.7909090909090909,0.8272727272727273,0.7878110990551183,0.7384612003325374,0.7674978374375087,0.8012593467138921,adann,0.8,0.5118602313424025,0.9727272727272728,0.9727272727272728,0.9636363636363636,0.9727272727272728,0.9727044884939623,0.972658920027341,0.9630591630591631,0.9721272879167615,0.5,0.5,gated,search,none,0.01,True,False,0.2,False,,-1
2025,5,110,0.7909090909090909,0.7668292527372276,0.8090909090909091,0.7181818181818181,0.7909090909090909,0.7909090909090909,0.7862909817455271,0.6997289381676733,0.7662482547878086,0.7668292527372276,lgb,0.7181818181818181,0.5118602313424025,0.9818181818181818,0.990909090909091,0.9818181818181818,0.9818181818181818,0.9817726133515609,0.9908863066757804,0.9817726133515609,0.9817726133515609,0.5,0.5,gated,search,none,0.01,True,False,0.2,False,,-1
2025,6,110,0.8727272727272727,0.8524440554221119,0.8090909090909091,0.9090909090909091,0.8363636363636363,0.8727272727272727,0.7848821876998163,0.9070575888757706,0.8081726702416357,0.8524440554221119,ensemble,0.8363636363636363,0.5118602313424025,0.9818181818181818,0.9636363636363636,0.9818181818181818,0.9636363636363636,0.9817726133515609,0.964023695602643,0.9817726133515609,0.964023695602643,0.5,0.5,gated,search,none,0.01,True,False,0.2,False,,-1
2026,1,110,0.9272727272727272,0.9183662341557078,0.8636363636363636,0.9545454545454546,0.9272727272727272,0.9272727272727272,0.8422156607439564,0.9549073217803868,0.9183662341557078,0.9183662341557078,ensemble,0.9272727272727272,0.5118602313424025,0.9818181818181818,0.9727272727272728,0.990909090909091,0.990909090909091,0.9817953975848713,0.9731373889268625,0.9908863066757803,0.9908863066757803,0.5,0.5,gated,search,none,0.01,True,False,0.2,False,,-1
2026,2,110,0.6181818181818182,0.5751738124380961,0.6727272727272727,0.5727272727272728,0.6454545454545455,0.6181818181818182,0.6478177395360057,0.4948626056697618,0.6041362826122184,0.5751738124380961,lgb,0.5727272727272728,0.5118602313424025,0.9727272727272728,0.9818181818181818,0.9818181818181818,0.990909090909091,0.9730524658754324,0.982166159199652,0.9817726133515609,0.9908863066757804,0.5,0.5,gated,search,none,0.01,True,False,0.2,False,,-1
2026,3,110,0.8727272727272727,0.8655817335243173,0.8454545454545455,0.8545454545454545,0.8636363636363636,0.8727272727272727,0.8433771188626241,0.8486240754599398,0.8579926851457952,0.8655817335243173,adann,0.8454545454545455,0.5118602313424025,0.9818181818181818,0.9636363636363636,0.9727272727272728,0.9727272727272728,0.9817726133515609,0.9644565960355433,0.973075250108743,0.973075250108743,0.5,0.5,gated,search,none,0.01,True,False,0.2,False,,-1
2026,4,110,0.8818181818181818,0.8467342268715267,0.8454545454545455,0.7818181818181819,0.8727272727272727,0.8818181818181818,0.8313764577057079,0.7391523935002194,0.837620533547307,0.8467342268715267,lgb,0.7818181818181819,0.5118602313424025,0.9727272727272728,0.9818181818181818,0.9727272727272728,0.9727272727272728,0.9727044884939623,0.9817726133515606,0.9727044884939623,0.9721272879167615,0.5,0.5,gated,search,none,0.01,True,False,0.2,False,,-1
2026,5,110,0.7818181818181819,0.7542568542568543,0.7363636363636363,0.7545454545454545,0.7909090909090909,0.7818181818181819,0.6994955469835853,0.7395551583806852,0.7609706083390293,0.7542568542568543,ensemble,0.7909090909090909,0.5118602313424025,0.9818181818181818,0.9727272727272728,0.9818181818181818,0.9818181818181818,0.9817726133515609,0.9726589200273412,0.9817726133515609,0.9817726133515609,0.5,0.5,gated,search,none,0.01,True,False,0.2,False,,-1
2026,6,110,0.8272727272727273,0.8128560036454773,0.7090909090909091,0.8727272727272727,0.7909090909090909,0.8272727272727273,0.6839548973936326,0.859320017214754,0.7816640430276794,0.8128560036454773,ensemble,0.7909090909090909,0.5118602313424025,0.9818181818181818,0.9545454545454546,0.9818181818181818,0.9818181818181818,0.9817726133515609,0.9549100022784234,0.9817726133515609,0.9817726133515609,0.5,0.5,gated,search,none,0.01,True,False,0.2,False,,-1
3047,1,110,0.9,0.8945073881553011,0.7909090909090909,0.9454545454545454,0.8545454545454545,0.9,0.7678650778419499,0.9433621933621933,0.8389554241299245,0.8945073881553011,adann,0.7909090909090909,0.5118602313424025,1.0,0.9818181818181818,0.990909090909091,0.990909090909091,1.0,0.9818181818181819,0.9908863066757803,0.9908863066757803,0.5,0.5,gated,search,none,0.01,True,False,0.2,False,,-1
3047,2,110,0.7,0.6694425103516012,0.7,0.5909090909090909,0.7,0.7,0.6526927114581148,0.5156517326373785,0.6694425103516013,0.6694425103516012,lgb,0.5909090909090909,0.5118602313424025,0.9818181818181818,0.9818181818181818,0.9818181818181818,0.9818181818181818,0.9817726133515609,0.982166159199652,0.9817726133515609,0.9817726133515609,0.5,0.5,gated,search,none,0.01,True,False,0.2,False,,-1
3047,3,110,0.8727272727272727,0.8577561198861019,0.8272727272727273,0.8363636363636363,0.8636363636363636,0.8727272727272727,0.819504613152526,0.8260993630956552,0.8504948991861461,0.8577561198861019,lgb,0.8363636363636363,0.5118602313424025,0.9818181818181818,0.9818181818181818,0.9818181818181818,0.9818181818181818,0.9817953975848713,0.982166159199652,0.982166159199652,0.982166159199652,0.5,0.5,gated,search,none,0.01,True,False,0.2,False,,-1
3047,4,110,0.8,0.7722691797926907,0.7909090909090909,0.7818181818181819,0.8181818181818182,0.8,0.7741451339742433,0.7384612003325374,0.7960700915246369,0.7722691797926907,lgb,0.7818181818181819,0.5118602313424025,0.9727272727272728,0.9818181818181818,0.9818181818181818,0.9818181818181818,0.9730524658754324,0.9817726133515606,0.9817726133515606,0.9817726133515606,0.5,0.5,gated,search,none,0.01,True,False,0.2,False,,-1
3047,5,110,0.7727272727272727,0.731372834153262,0.7272727272727273,0.7636363636363637,0.7636363636363637,0.7727272727272727,0.6868983223050208,0.7476323826009945,0.7308665078512213,0.731372834153262,lgb,0.7636363636363637,0.5118602313424025,0.9727272727272728,0.990909090909091,0.9818181818181818,0.9818181818181818,0.9726817042606516,0.9908863066757804,0.9817726133515609,0.9817726133515609,0.5,0.5,gated,search,none,0.01,True,False,0.2,False,,-1
3047,6,110,0.7818181818181819,0.7669419355388958,0.6727272727272727,0.8272727272727273,0.7545454545454545,0.7818181818181819,0.6501083977160533,0.8111471861471862,0.7407150121681014,0.7669419355388958,ensemble,0.7545454545454545,0.5118602313424025,0.9727272727272728,0.9636363636363636,0.9727272727272728,0.9727272727272728,0.9726817042606516,0.9631351105035315,0.9726817042606516,0.9727044884939621,0.5,0.5,gated,search,none,0.01,True,False,0.2,False,,-1
