subject_id,sample_index,true_label,gate_case,adann_label,lgb_label,adann_conf,lgb_conf,adann_margin,lgb_margin,gate_label,margin_only_label,max_confidence_label,margin_only_differs_from_gate,max_confidence_differs_from_gate
1,0,0,agree_confident,1,1,0.9989762306213379,0.9999951720237732,0.9979625940322876,0.9999932646751404,1,1,1,False,False
1,1,0,agree_confident,0,0,0.9999828338623047,0.9999978542327881,0.999971330165863,0.9999958872795105,0,0,0,False,False
1,2,0,confident_disagreement_margin,1,0,0.769083559513092,0.9996678829193115,0.5399917364120483,0.9994193315505981,0,0,0,False,False
1,3,0,confident_disagreement_margin,1,0,0.9783576726913452,0.9175321459770203,0.9588638544082642,0.8390003442764282,1,1,1,False,False
1,4,0,confident_disagreement_margin,1,0,0.9816216826438904,0.9994980096817017,0.9641923904418945,0.9990668892860413,0,0,0,False,False
1,5,0,confident_disagreement_margin,1,0,0.9746076464653015,0.9828135967254639,0.9497022032737732,0.9657859206199646,0,0,0,False,False
1,6,0,confident_disagreement_margin,1,0,0.8451059460639954,0.9999900460243225,0.6973516941070557,0.9999863505363464,0,0,0,False,False
1,7,0,agree_confident,1,1,0.9939431548118591,0.9999427795410156,0.9881118535995483,0.9999232292175293,1,1,1,False,False
1,8,0,confident_disagreement_margin,1,0,0.7163008451461792,0.9779506325721741,0.43275144696235657,0.955924928188324,0,0,0,False,False
1,9,0,agree_confident,1,1,0.9925162196159363,0.9715495705604553,0.9850736260414124,0.9431716203689575,1,1,1,False,False
1,10,10,agree_confident,10,10,0.9998666048049927,0.9998522996902466,0.9997915625572205,0.9997654557228088,10,10,10,False,False
1,11,10,agree_confident,10,10,0.9997501969337463,0.9216352701187134,0.9995231032371521,0.8760112524032593,10,10,10,False,False
1,12,10,agree_confident,10,10,0.9996993541717529,0.9836010336875916,0.9994027018547058,0.97402423620224,10,10,10,False,False
1,13,10,agree_confident,10,10,0.9999868869781494,0.992470920085907,0.9999806880950928,0.9879983067512512,10,10,10,False,False
1,14,10,agree_confident,10,10,0.9997884631156921,0.9995831847190857,0.9996963143348694,0.9991880059242249,10,10,10,False,False
1,15,10,agree_confident,10,10,0.9999591112136841,0.9406982660293579,0.9999314546585083,0.9031619429588318,10,10,10,False,False
1,16,10,agree_confident,10,10,0.9999988079071045,0.9991078972816467,0.9999980926513672,0.9987587928771973,10,10,10,False,False
1,17,10,agree_confident,10,10,0.9999971389770508,0.9999972581863403,0.9999948740005493,0.9999964833259583,10,10,10,False,False
1,18,10,agree_confident,10,10,0.9999756813049316,0.9995900392532349,0.9999523758888245,0.9994944930076599,10,10,10,False,False
1,19,10,confident_disagreement_margin,10,9,0.9999843835830688,0.5178589820861816,0.9999771118164062,0.07449853420257568,10,10,10,False,False
1,20,1,agree_confident,1,1,0.9999630451202393,0.9999700784683228,0.9999394416809082,0.9999527335166931,1,1,1,False,False
1,21,1,agree_confident,1,1,0.9999873638153076,0.9999868273735046,0.9999802708625793,0.99997478723526,1,1,1,False,False
1,22,1,agree_confident,1,1,0.9998340606689453,0.9999765157699585,0.999687135219574,0.9999580979347229,1,1,1,False,False
1,23,1,agree_confident,1,1,0.9999490976333618,0.9999894499778748,0.9999011158943176,0.999980092048645,1,1,1,False,False
1,24,1,agree_confident,1,1,0.999992847442627,0.9980855584144592,0.9999896883964539,0.9963159561157227,1,1,1,False,False
1,25,1,agree_confident,1,1,0.9999781847000122,0.9999865293502808,0.9999668002128601,0.9999747276306152,1,1,1,False,False
1,26,1,agree_confident,1,1,0.999737560749054,0.9999918937683105,0.9994847178459167,0.9999861717224121,1,1,1,False,False
1,27,1,agree_confident,1,1,0.9999814033508301,0.999999463558197,0.9999651312828064,0.9999989867210388,1,1,1,False,False
1,28,1,agree_confident,1,1,0.9999819993972778,0.9999979138374329,0.9999673962593079,0.9999961853027344,1,1,1,False,False
1,29,1,agree_confident,1,1,0.9986932873725891,0.999937117099762,0.9979395866394043,0.9999133944511414,1,1,1,False,False
1,30,2,confident_disagreement_margin,8,2,0.997367799282074,0.999704122543335,0.9948891997337341,0.9995415210723877,2,2,2,False,False
1,31,2,agree_confident,2,2,0.933509111404419,0.9999443292617798,0.8685439825057983,0.999913215637207,2,2,2,False,False
1,32,2,agree_confident,2,2,0.9988671541213989,0.9790130257606506,0.9977437257766724,0.9588281512260437,2,2,2,False,False
1,33,2,confident_disagreement_margin,8,2,0.8203155994415283,0.9635974764823914,0.6678997874259949,0.9412124752998352,2,2,2,False,False
1,34,2,confident_disagreement_margin,8,2,0.9696466326713562,0.9994397759437561,0.9393843412399292,0.9991332292556763,2,2,2,False,False
1,35,2,agree_confident,2,2,0.9691359400749207,0.9996274709701538,0.952133059501648,0.9993823766708374,2,2,2,False,False
1,36,2,confident_disagreement_margin,8,2,0.7572671175003052,0.9899828433990479,0.5148921012878418,0.9868062138557434,2,2,2,False,False
1,37,2,lgb_only_confident,1,2,0.42290008068084717,0.9975901246070862,0.20919102430343628,0.9966423511505127,2,2,2,False,False
1,38,2,confident_disagreement_margin,8,2,0.7838303446769714,0.999914288520813,0.5677181482315063,0.9998617768287659,2,2,2,False,False
1,39,2,confident_disagreement_margin,8,2,0.9611606001853943,0.9998359084129333,0.9224027991294861,0.9997690916061401,2,2,2,False,False
1,40,3,agree_confident,3,3,0.9891158938407898,0.9999803900718689,0.9784573316574097,0.9999723434448242,3,3,3,False,False
1,41,3,agree_confident,3,3,0.975095272064209,0.9998817443847656,0.9548609256744385,0.9998009204864502,3,3,3,False,False
1,42,3,lgb_only_confident,9,3,0.45011433959007263,0.9999955296516418,0.18867900967597961,0.9999926686286926,3,3,3,False,False
1,43,3,agree_confident,3,3,0.9987809062004089,0.999997615814209,0.998084306716919,0.9999963641166687,3,3,3,False,False
1,44,3,agree_confident,3,3,0.9997766613960266,0.9999749064445496,0.9995929598808289,0.9999638795852661,3,3,3,False,False
1,45,3,agree_confident,3,3,0.9911441802978516,0.999972403049469,0.982479989528656,0.9999606609344482,3,3,3,False,False
1,46,3,agree_confident,3,3,0.9944043159484863,0.9998732805252075,0.9892198443412781,0.9998212456703186,3,3,3,False,False
1,47,3,agree_confident,3,3,0.9964011907577515,0.9999786615371704,0.9936214089393616,0.999960720539093,3,3,3,False,False
1,48,3,agree_confident,3,3,0.9938954710960388,0.9999608397483826,0.9882832169532776,0.9999333620071411,3,3,3,False,False
1,49,3,agree_confident,3,3,0.9548944234848022,0.9997758865356445,0.9185006022453308,0.9996916055679321,3,3,3,False,False
1,50,4,agree_confident,4,4,0.9992244243621826,0.9990091323852539,0.9987457394599915,0.9986874461174011,4,4,4,False,False
1,51,4,confident_disagreement_margin,4,3,0.9391825795173645,0.979662299156189,0.8783659934997559,0.9626845121383667,3,3,3,False,False
1,52,4,agree_confident,4,4,0.9994783997535706,0.9998806118965149,0.9989641308784485,0.9998356103897095,4,4,4,False,False
1,53,4,agree_confident,4,4,0.9999665021896362,0.9999580383300781,0.9999339580535889,0.9999317526817322,4,4,4,False,False
1,54,4,agree_confident,4,4,0.9999279975891113,0.9998961687088013,0.9998587965965271,0.9997977614402771,4,4,4,False,False
1,55,4,agree_confident,4,4,0.9998347759246826,0.9993140697479248,0.9996821284294128,0.9989822506904602,4,4,4,False,False
1,56,4,agree_confident,10,10,0.5367785096168518,0.9998167753219604,0.07653093338012695,0.9996971487998962,10,10,10,False,False
1,57,4,agree_confident,4,4,0.9998562335968018,0.9999827742576599,0.99979168176651,0.9999687075614929,4,4,4,False,False
1,58,4,agree_confident,4,4,0.9998212456703186,0.9994747042655945,0.9996441006660461,0.9989961385726929,4,4,4,False,False
1,59,4,agree_confident,4,4,0.9999262094497681,0.9997618794441223,0.9998912215232849,0.9995955228805542,4,4,4,False,False
1,60,5,agree_confident,5,5,0.9985313415527344,0.9997279644012451,0.9972929954528809,0.9994802474975586,5,5,5,False,False
1,61,5,confident_disagreement_margin,3,5,0.6511914730072021,0.999681293964386,0.33144158124923706,0.9994702339172363,5,5,5,False,False
1,62,5,agree_confident,5,5,0.99613356590271,0.9999982714653015,0.9925445914268494,0.9999978542327881,5,5,5,False,False
1,63,5,agree_confident,5,5,0.9989731311798096,0.9999813437461853,0.9984109997749329,0.9999667406082153,5,5,5,False,False
1,64,5,agree_confident,5,5,0.999962329864502,0.9999998807907104,0.9999256730079651,0.9999998807907104,5,5,5,False,False
1,65,5,agree_confident,5,5,0.7298001646995544,0.9996135830879211,0.4760126769542694,0.9992786049842834,5,5,5,False,False
1,66,5,agree_confident,5,5,0.9518395066261292,0.9991924166679382,0.905721127986908,0.9987824559211731,5,5,5,False,False
1,67,5,agree_confident,5,5,0.9790772795677185,0.9997383952140808,0.9629790782928467,0.9996094703674316,5,5,5,False,False
1,68,5,agree_confident,5,5,0.9980360865592957,0.9999698400497437,0.9965629577636719,0.999944806098938,5,5,5,False,False
1,69,5,confident_disagreement_margin,5,0,0.9643241167068481,0.9973932504653931,0.9294969439506531,0.994925856590271,0,0,0,False,False
1,70,6,agree_confident,6,6,0.9999524354934692,0.9999986290931702,0.9999145269393921,0.9999974966049194,6,6,6,False,False
1,71,6,agree_confident,6,6,0.9999005794525146,0.9999991655349731,0.9998205900192261,0.9999985098838806,6,6,6,False,False
1,72,6,agree_confident,6,6,0.9999868869781494,0.9999951124191284,0.9999796152114868,0.9999905824661255,6,6,6,False,False
1,73,6,agree_confident,6,6,0.999647855758667,0.9999996423721313,0.9993082284927368,0.999999463558197,6,6,6,False,False
1,74,6,agree_confident,6,6,0.9999696016311646,0.9999945759773254,0.9999525547027588,0.9999896287918091,6,6,6,False,False
1,75,6,agree_confident,6,6,0.9999634027481079,0.9999823570251465,0.9999317526817322,0.9999650716781616,6,6,6,False,False
1,76,6,agree_confident,6,6,0.9999423027038574,0.9999883770942688,0.9998923540115356,0.9999780058860779,6,6,6,False,False
1,77,6,agree_confident,6,6,0.9998950958251953,0.9999966025352478,0.9998418688774109,0.9999935030937195,6,6,6,False,False
1,78,6,agree_confident,6,6,0.9999533891677856,0.999991774559021,0.9999204874038696,0.9999843239784241,6,6,6,False,False
1,79,6,agree_confident,6,6,0.9999444484710693,0.999973714351654,0.9999039173126221,0.9999483227729797,6,6,6,False,False
1,80,7,agree_confident,7,7,0.9998584985733032,0.9999904632568359,0.9997420907020569,0.9999875426292419,7,7,7,False,False
1,81,7,agree_confident,7,7,0.9999343156814575,0.9995542764663696,0.9998858571052551,0.9991816282272339,7,7,7,False,False
1,82,7,agree_confident,7,7,0.9997267127037048,0.999994158744812,0.999538242816925,0.9999912977218628,7,7,7,False,False
1,83,7,agree_confident,7,7,0.9995706677436829,0.9999955892562866,0.9993435144424438,0.9999920129776001,7,7,7,False,False
1,84,7,agree_confident,7,7,0.999776303768158,0.9999976754188538,0.999642550945282,0.9999966621398926,7,7,7,False,False
1,85,7,agree_confident,7,7,0.9998732805252075,0.9999998211860657,0.999756395816803,0.9999997615814209,7,7,7,False,False
1,86,7,agree_confident,7,7,0.9959142804145813,0.9999984502792358,0.9919166564941406,0.9999979138374329,7,7,7,False,False
1,87,7,agree_confident,7,7,0.9992825388908386,0.9945856928825378,0.9989562034606934,0.9920955300331116,7,7,7,False,False
1,88,7,agree_confident,7,7,0.9665194749832153,0.6717344522476196,0.9512286186218262,0.34725818037986755,7,7,7,False,False
1,89,7,agree_confident,7,7,0.9998583793640137,0.9849933981895447,0.9997255802154541,0.9768235683441162,7,7,7,False,False
1,90,8,agree_confident,8,8,0.9999290704727173,0.9999994039535522,0.999873161315918,0.9999991655349731,8,8,8,False,False
1,91,8,agree_confident,8,8,0.9989707469940186,0.9999987483024597,0.9981169104576111,0.9999982118606567,8,8,8,False,False
1,92,8,agree_confident,8,8,0.9935340881347656,0.9999856352806091,0.9871238470077515,0.9999770522117615,8,8,8,False,False
1,93,8,agree_confident,8,8,0.98723965883255,0.9999970197677612,0.97629714012146,0.9999951720237732,8,8,8,False,False
1,94,8,agree_confident,8,8,0.9988290667533875,0.9999971985816956,0.9976755976676941,0.9999954700469971,8,8,8,False,False
1,95,8,agree_confident,8,8,0.9997380375862122,0.9999985694885254,0.9995316863059998,0.9999978542327881,8,8,8,False,False
1,96,8,confident_disagreement_margin,9,8,0.5203400254249573,0.9955484867095947,0.041778773069381714,0.9916670918464661,8,8,8,False,False
1,97,8,agree_confident,8,8,0.9773116707801819,0.9999984502792358,0.9547410011291504,0.9999977350234985,8,8,8,False,False
1,98,8,agree_confident,8,8,0.9156056046485901,0.99998939037323,0.831543505191803,0.9999822974205017,8,8,8,False,False
1,99,8,agree_confident,8,8,0.9463123679161072,0.9999763369560242,0.8930610418319702,0.9999536275863647,8,8,8,False,False
1,100,9,agree_confident,9,9,0.9999972581863403,0.9999894499778748,0.9999949932098389,0.9999837279319763,9,9,9,False,False
1,101,9,agree_confident,9,9,0.9999855756759644,0.9999949336051941,0.9999788403511047,0.9999911189079285,9,9,9,False,False
1,102,9,agree_confident,9,9,0.9999995231628418,0.9999978542327881,0.9999991059303284,0.9999969005584717,9,9,9,False,False
1,103,9,agree_confident,9,9,0.9999995231628418,0.9999994039535522,0.9999991655349731,0.9999992251396179,9,9,9,False,False
1,104,9,agree_confident,9,9,0.9999998807907104,0.9999992251396179,0.9999997615814209,0.999998927116394,9,9,9,False,False
1,105,9,agree_confident,9,9,0.9999998807907104,0.9999993443489075,0.9999997615814209,0.9999990463256836,9,9,9,False,False
1,106,9,agree_confident,9,9,0.9999983310699463,0.9999995231628418,0.9999969005584717,0.9999994039535522,9,9,9,False,False
1,107,9,agree_confident,9,9,0.9999984502792358,0.9999983310699463,0.999997079372406,0.9999977946281433,9,9,9,False,False
1,108,9,agree_confident,9,9,0.9999986886978149,0.9999991655349731,0.9999980330467224,0.9999988675117493,9,9,9,False,False
1,109,9,agree_confident,9,9,0.999985933303833,0.9999986886978149,0.9999749660491943,0.9999982714653015,9,9,9,False,False
2,0,0,confident_disagreement_margin,5,4,0.9995785355567932,0.8099629282951355,0.9992519021034241,0.6875043511390686,5,5,5,False,False
2,1,0,agree_confident,0,0,0.9981926083564758,0.9999961256980896,0.997504711151123,0.9999924898147583,0,0,0,False,False
2,2,0,agree_confident,0,0,0.9903956055641174,0.9999949336051941,0.9839654564857483,0.9999917149543762,0,0,0,False,False
2,3,0,agree_confident,0,0,0.9848419427871704,0.9999966621398926,0.9770749807357788,0.9999939203262329,0,0,0,False,False
2,4,0,agree_confident,0,0,0.9958480596542358,0.9989989399909973,0.994331419467926,0.9984115362167358,0,0,0,False,False
2,5,0,agree_confident,0,0,0.9875187277793884,0.999964714050293,0.9797365069389343,0.9999381303787231,0,0,0,False,False
2,6,0,agree_confident,0,0,0.9980456829071045,0.996391773223877,0.9973350763320923,0.9931206107139587,0,0,0,False,False
2,7,0,confident_disagreement_margin,0,5,0.8689571022987366,0.587161660194397,0.7569728493690491,0.18341103196144104,0,0,0,False,False
2,8,0,confident_disagreement_margin,0,4,0.8475531339645386,0.988423228263855,0.772000789642334,0.9801374077796936,4,4,4,False,False
2,9,0,confident_disagreement_margin,5,4,0.9943521022796631,0.7060344219207764,0.9897754788398743,0.41940838098526,5,5,5,False,False
2,10,10,confident_disagreement_margin,10,4,0.9999947547912598,0.9193190336227417,0.9999895691871643,0.8391226530075073,10,10,10,False,False
2,11,10,confident_disagreement_margin,10,4,0.9999891519546509,0.9181551337242126,0.9999783039093018,0.8418002724647522,10,10,10,False,False
2,12,10,confident_disagreement_margin,10,4,0.999915361404419,0.945727527141571,0.9998670816421509,0.8918443322181702,10,10,10,False,False
2,13,10,confident_disagreement_margin,10,4,0.9996727705001831,0.9457615613937378,0.9993529319763184,0.891877293586731,10,10,10,False,False
2,14,10,confident_disagreement_margin,10,4,0.9997933506965637,0.8483061790466309,0.9996066093444824,0.6969345211982727,10,10,10,False,False
2,15,10,confident_disagreement_margin,10,4,0.9998087286949158,0.9084352850914001,0.999678373336792,0.8172155618667603,10,10,10,False,False
2,16,10,confident_disagreement_margin,10,4,0.9988194108009338,0.919848620891571,0.9981206655502319,0.8437942862510681,10,10,10,False,False
2,17,10,agree_confident,4,4,0.7223538160324097,0.9488680362701416,0.45031481981277466,0.9008083343505859,4,4,4,False,False
2,18,10,confident_disagreement_margin,10,4,0.9996339082717896,0.8628150820732117,0.9992697834968567,0.726024329662323,10,10,10,False,False
2,19,10,confident_disagreement_margin,10,4,0.9811088442802429,0.9620156288146973,0.9651520848274231,0.9242081046104431,10,10,10,False,False
2,20,1,confident_disagreement_margin,1,7,0.5265785455703735,0.9257840514183044,0.10014140605926514,0.852658748626709,7,7,7,False,False
2,21,1,adann_only_confident,1,1,0.9894165396690369,0.4657847583293915,0.9792569279670715,0.01232832670211792,1,1,1,False,False
2,22,1,agree_confident,1,1,0.9938313961029053,0.951770544052124,0.9889171719551086,0.9280387163162231,1,1,1,False,False
2,23,1,confident_disagreement_margin,1,0,0.9928005933761597,0.9291096329689026,0.9873229265213013,0.8769081234931946,1,1,1,False,False
2,24,1,confident_disagreement_margin,1,0,0.9995324611663818,0.8956372141838074,0.9991491436958313,0.7922188639640808,1,1,1,False,False
2,25,1,confident_disagreement_margin,1,7,0.9344475865364075,0.9942219257354736,0.8736343383789062,0.9907417893409729,7,7,7,False,False
2,26,1,confident_disagreement_margin,1,7,0.9832730293273926,0.9842246174812317,0.9748014807701111,0.9720458984375,1,1,7,False,True
2,27,1,confident_disagreement_margin,1,7,0.9600728750228882,0.9987019300460815,0.9217624068260193,0.9975737929344177,7,7,7,False,False
2,28,1,confident_disagreement_margin,1,7,0.7684667706489563,0.9997773170471191,0.5518926978111267,0.9996747374534607,7,7,7,False,False
2,29,1,agree_confident,1,1,0.997307300567627,0.9562906622886658,0.9949240684509277,0.9287686944007874,1,1,1,False,False
2,30,2,adann_only_confident,8,0,0.8473505973815918,0.45668065547943115,0.7621628046035767,0.22074635326862335,8,8,8,False,False
2,31,2,confident_disagreement_margin,2,0,0.9854694604873657,0.7264212965965271,0.9771222472190857,0.6375530958175659,2,2,2,False,False
2,32,2,agree_confident,2,2,0.9949517250061035,0.9981715083122253,0.9918650984764099,0.9968470931053162,2,2,2,False,False
2,33,2,agree_confident,2,2,0.9996387958526611,0.9986782670021057,0.999311625957489,0.9976569414138794,2,2,2,False,False
2,34,2,confident_disagreement_margin,8,2,0.9785813689231873,0.997278094291687,0.9644211530685425,0.9952501654624939,2,2,2,False,False
2,35,2,adann_only_confident,8,0,0.9918442368507385,0.4458766579627991,0.9860766530036926,0.16685396432876587,8,8,8,False,False
2,36,2,confident_disagreement_margin,8,2,0.9973512887954712,0.9846752882003784,0.9957368969917297,0.9736366868019104,8,8,8,False,False
2,37,2,agree_confident,2,2,0.870115339756012,0.9936670064926147,0.8086296319961548,0.9884259104728699,2,2,2,False,False
2,38,2,confident_disagreement_margin,9,2,0.9844788908958435,0.9991143345832825,0.9794773459434509,0.9987946152687073,2,2,2,False,False
2,39,2,confident_disagreement_margin,8,2,0.9581910371780396,0.9948599338531494,0.9364262223243713,0.9904083013534546,2,2,2,False,False
2,40,3,adann_only_confident,2,2,0.9999808073043823,0.49399298429489136,0.9999686479568481,0.3170461654663086,2,2,2,False,False
2,41,3,confident_disagreement_margin,2,5,0.9947916865348816,0.5028756260871887,0.9917662143707275,0.23861467838287354,2,2,2,False,False
2,42,3,adann_only_confident,2,0,0.9935789108276367,0.3481401205062866,0.9906412363052368,0.07144859433174133,2,2,2,False,False
2,43,3,adann_only_confident,2,2,0.9993541836738586,0.4314459264278412,0.9988688826560974,0.2759050130844116,2,2,2,False,False
2,44,3,confident_disagreement_margin,2,0,0.9974302649497986,0.8217937350273132,0.9961934089660645,0.738724946975708,2,2,2,False,False
2,45,3,confident_disagreement_margin,2,5,0.9753175973892212,0.6164544820785522,0.9557713270187378,0.45226919651031494,2,2,2,False,False
2,46,3,adann_only_confident,2,5,0.9996978044509888,0.4467279613018036,0.9995571970939636,0.07126230001449585,2,2,2,False,False
2,47,3,adann_only_confident,4,4,0.9200916290283203,0.4597789943218231,0.8467210531234741,0.12914910912513733,4,4,4,False,False
2,48,3,agree_confident,2,2,0.9999909400939941,0.7064769268035889,0.9999853372573853,0.5910933017730713,2,2,2,False,False
2,49,3,adann_only_confident,2,2,0.9993147850036621,0.43104472756385803,0.9989902973175049,0.1696569323539734,2,2,2,False,False
2,50,4,agree_confident,4,4,0.9999294281005859,0.9999845623970032,0.9998841881752014,0.9999774694442749,4,4,4,False,False
2,51,4,agree_confident,4,4,0.9269492626190186,0.9995687007904053,0.8834196925163269,0.9993366003036499,4,4,4,False,False
2,52,4,agree_confident,4,4,0.9794983267784119,0.9994378089904785,0.9714049696922302,0.998943567276001,4,4,4,False,False
2,53,4,agree_confident,4,4,0.9997798800468445,0.99994957447052,0.9996210336685181,0.9999287128448486,4,4,4,False,False
2,54,4,agree_confident,4,4,0.9943766593933105,0.999579906463623,0.9890710711479187,0.9992341995239258,4,4,4,False,False
2,55,4,agree_confident,4,4,0.8726361989974976,0.9999378323554993,0.7519471049308777,0.9998939633369446,4,4,4,False,False
2,56,4,agree_confident,4,4,0.9999768733978271,0.9999855160713196,0.9999547600746155,0.99997878074646,4,4,4,False,False
2,57,4,agree_confident,4,4,0.9997633099555969,0.9999765157699585,0.999610424041748,0.999965488910675,4,4,4,False,False
2,58,4,agree_confident,4,4,0.9999878406524658,0.9999642372131348,0.9999780058860779,0.9999508261680603,4,4,4,False,False
2,59,4,agree_confident,4,4,0.9998084902763367,0.9999032020568848,0.999646008014679,0.9998366236686707,4,4,4,False,False
2,60,5,agree_confident,5,5,1.0,0.9975540041923523,1.0,0.9952957034111023,5,5,5,False,False
2,61,5,agree_confident,5,5,1.0,0.9999812841415405,1.0,0.999970018863678,5,5,5,False,False
2,62,5,agree_confident,5,5,1.0,0.9999858140945435,1.0,0.9999767541885376,5,5,5,False,False
2,63,5,agree_confident,5,5,1.0,0.9992218017578125,1.0,0.9986775517463684,5,5,5,False,False
2,64,5,agree_confident,5,5,1.0,0.997824490070343,1.0,0.9961549639701843,5,5,5,False,False
2,65,5,agree_confident,5,5,1.0,0.9936360120773315,1.0,0.9874038100242615,5,5,5,False,False
2,66,5,agree_confident,5,5,1.0,0.9893596172332764,1.0,0.9795000553131104,5,5,5,False,False
2,67,5,agree_confident,5,5,1.0,0.9878199100494385,1.0,0.9760969281196594,5,5,5,False,False
2,68,5,agree_confident,5,5,1.0,0.9982690215110779,1.0,0.997127115726471,5,5,5,False,False
2,69,5,agree_confident,5,5,1.0,0.9996885657310486,1.0,0.9995235204696655,5,5,5,False,False
2,70,6,agree_confident,0,0,0.9999973773956299,0.9981770515441895,0.9999947547912598,0.9963550567626953,0,0,0,False,False
2,71,6,confident_disagreement_margin,6,0,0.7294633388519287,0.8159092664718628,0.4589478075504303,0.6351370811462402,0,0,0,False,False
2,72,6,agree_confident,0,0,0.9651300311088562,0.9999990463256836,0.9302606582641602,0.9999982714653015,0,0,0,False,False
2,73,6,agree_confident,0,0,0.9995143413543701,0.9999188780784607,0.9990293383598328,0.9998379349708557,0,0,0,False,False
2,74,6,agree_confident,0,0,0.999911904335022,0.9999992847442627,0.9998239874839783,0.9999986290931702,0,0,0,False,False
2,75,6,agree_confident,0,0,0.9999992847442627,0.9999994039535522,0.9999985098838806,0.9999988675117493,0,0,0,False,False
2,76,6,agree_confident,0,0,0.9999997615814209,0.9987248182296753,0.9999995231628418,0.9974502921104431,0,0,0,False,False
2,77,6,agree_confident,0,0,0.9999972581863403,0.8669820427894592,0.9999945163726807,0.734278678894043,0,0,0,False,False
2,78,6,agree_confident,0,0,0.9999996423721313,0.9995130896568298,0.9999992251396179,0.9990267157554626,0,0,0,False,False
2,79,6,agree_confident,0,0,0.9999939203262329,0.9987010359764099,0.999987781047821,0.9974039196968079,0,0,0,False,False
2,80,7,confident_disagreement_margin,1,7,0.9994459748268127,0.999985933303833,0.9989604353904724,0.9999767541885376,7,7,7,False,False
2,81,7,confident_disagreement_margin,1,0,0.9994283318519592,0.9901826977729797,0.9988634586334229,0.9813536405563354,1,1,1,False,False
2,82,7,confident_disagreement_margin,1,7,0.9999581575393677,0.9884970784187317,0.9999337792396545,0.9775564670562744,1,1,1,False,False
2,83,7,confident_disagreement_margin,1,4,0.9998984336853027,0.9903167486190796,0.9998166561126709,0.9827750325202942,1,1,1,False,False
2,84,7,confident_disagreement_margin,1,4,0.9989070892333984,0.9975389242172241,0.9978371858596802,0.9963282942771912,1,1,1,False,False
2,85,7,confident_disagreement_margin,1,4,0.9997532963752747,0.8951114416122437,0.9995259642601013,0.7990079522132874,1,1,1,False,False
2,86,7,agree_confident,1,1,0.9999392032623291,0.9460544586181641,0.9998835921287537,0.920414388179779,1,1,1,False,False
2,87,7,agree_confident,1,1,0.9829309582710266,0.5397540926933289,0.9659041166305542,0.13818582892417908,1,1,1,False,False
2,88,7,confident_disagreement_margin,1,7,0.9994144439697266,0.9775870442390442,0.9988617897033691,0.9552851319313049,1,1,1,False,False
2,89,7,confident_disagreement_margin,1,7,0.9998148083686829,0.9998953342437744,0.9996623992919922,0.9997922778129578,7,7,7,False,False
2,90,8,confident_disagreement_margin,2,8,0.9999897480010986,0.662868320941925,0.9999794960021973,0.34952062368392944,2,2,2,False,False
2,91,8,confident_disagreement_margin,2,8,0.9988771080970764,0.9990212321281433,0.9982786774635315,0.99858158826828,8,8,8,False,False
2,92,8,confident_disagreement_margin,2,4,0.9993113279342651,0.968204915523529,0.998885452747345,0.9386231899261475,2,2,2,False,False
2,93,8,confident_disagreement_margin,2,8,0.9908219575881958,0.9889729022979736,0.9860937595367432,0.9853760600090027,2,2,2,False,False
2,94,8,adann_only_confident,2,8,0.9998282194137573,0.2880959212779999,0.999699592590332,0.10134613513946533,2,2,2,False,False
2,95,8,confident_disagreement_margin,2,8,0.9609131813049316,0.9907233715057373,0.9325379133224487,0.9872958660125732,8,8,8,False,False
2,96,8,confident_disagreement_margin,2,8,0.9999240636825562,0.6800089478492737,0.9998542666435242,0.38063013553619385,2,2,2,False,False
2,97,8,confident_disagreement_margin,2,8,0.9996519088745117,0.9874189496040344,0.999408483505249,0.9802308082580566,2,2,2,False,False
2,98,8,agree_confident,8,8,0.9995983242988586,0.9603449702262878,0.9992265701293945,0.925646185874939,8,8,8,False,False
2,99,8,confident_disagreement_margin,2,8,0.9999445676803589,0.9685648679733276,0.9998906850814819,0.9567437767982483,2,2,2,False,False
2,100,9,agree_confident,9,9,1.0,0.9998827576637268,1.0,0.9997791051864624,9,9,9,False,False
2,101,9,agree_confident,9,9,1.0,0.989934504032135,1.0,0.9851169586181641,9,9,9,False,False
2,102,9,agree_confident,9,9,1.0,0.9999997019767761,1.0,0.9999995231628418,9,9,9,False,False
2,103,9,agree_confident,9,9,1.0,0.9999971389770508,1.0,0.9999946355819702,9,9,9,False,False
2,104,9,agree_confident,9,9,1.0,0.9999997615814209,1.0,0.9999997019767761,9,9,9,False,False
2,105,9,agree_confident,9,9,1.0,0.9999996423721313,1.0,0.9999994039535522,9,9,9,False,False
2,106,9,agree_confident,9,9,1.0,0.9999991059303284,1.0,0.9999983310699463,9,9,9,False,False
2,107,9,agree_confident,9,9,1.0,0.9999562501907349,1.0,0.9999262094497681,9,9,9,False,False
2,108,9,agree_confident,9,9,1.0,0.9999215006828308,1.0,0.9998658895492554,9,9,9,False,False
2,109,9,confident_disagreement_margin,9,8,1.0,0.9820237159729004,1.0,0.9647395610809326,9,9,9,False,False
3,0,0,adann_only_confident,1,1,0.6310615539550781,0.3963196277618408,0.4255865216255188,0.019107788801193237,1,1,1,False,False
3,1,0,agree_confident,1,1,0.9037188291549683,0.567323625087738,0.841911792755127,0.30991536378860474,1,1,1,False,False
3,2,0,agree_confident,0,0,0.9404590725898743,0.9997094869613647,0.913033127784729,0.99958336353302,0,0,0,False,False
3,3,0,agree_confident,7,7,0.9800838232040405,0.9104833006858826,0.9638639688491821,0.8606941103935242,7,7,7,False,False
3,4,0,agree_confident,7,7,0.9489032030105591,0.9995256066322327,0.8991243243217468,0.9991828799247742,7,7,7,False,False
3,5,0,agree_confident,0,0,0.5806236267089844,0.9929224848747253,0.16461071372032166,0.9862873554229736,0,0,0,False,False
3,6,0,agree_confident,7,7,0.709854245185852,0.7497116327285767,0.5342325568199158,0.5746475458145142,7,7,7,False,False
3,7,0,agree_confident,0,0,0.9880585074424744,0.9998316764831543,0.9815248847007751,0.9997106194496155,0,0,0,False,False
3,8,0,agree_confident,7,7,0.8185464143753052,0.5023597478866577,0.6892032027244568,0.21988138556480408,7,7,7,False,False
3,9,0,agree_confident,0,0,0.6138423681259155,0.7820309996604919,0.23001503944396973,0.5665229558944702,0,0,0,False,False
3,10,10,agree_confident,10,10,0.9592195153236389,0.9960044026374817,0.9196292757987976,0.9944628477096558,10,10,10,False,False
3,11,10,agree_confident,10,10,0.9976953864097595,0.9997473359107971,0.9954938292503357,0.9995732307434082,10,10,10,False,False
3,12,10,agree_confident,10,10,0.9968414306640625,0.9998171329498291,0.9942479729652405,0.9996932148933411,10,10,10,False,False
3,13,10,agree_confident,10,10,0.9893686175346375,0.9999691843986511,0.9789093136787415,0.9999479651451111,10,10,10,False,False
3,14,10,agree_confident,10,10,0.9964790940284729,0.9999287128448486,0.9934532642364502,0.999875009059906,10,10,10,False,False
3,15,10,agree_confident,10,10,0.9995301961898804,0.9999985098838806,0.9990640878677368,0.9999974966049194,10,10,10,False,False
3,16,10,agree_confident,10,10,0.99847012758255,0.9999966025352478,0.9969422817230225,0.999995231628418,10,10,10,False,False
3,17,10,agree_confident,10,10,0.999445378780365,0.9999730587005615,0.998891294002533,0.9999560117721558,10,10,10,False,False
3,18,10,agree_confident,10,10,0.8459818363189697,0.9951025247573853,0.6950428485870361,0.9939661622047424,10,10,10,False,False
3,19,10,agree_confident,10,10,0.9973275661468506,0.9999974966049194,0.9946637749671936,0.9999967217445374,10,10,10,False,False
3,20,1,lgb_only_confident,1,7,0.498035728931427,0.907785952091217,0.025935351848602295,0.8182742595672607,7,7,7,False,False
3,21,1,confident_disagreement_margin,0,1,0.6625961661338806,0.844507098197937,0.32522374391555786,0.7284454703330994,1,1,1,False,False
3,22,1,confident_disagreement_margin,1,7,0.8378250002861023,0.8950978517532349,0.6903499364852905,0.790947675704956,7,7,7,False,False
3,23,1,agree_confident,1,1,0.9997556805610657,0.9966335892677307,0.9996444582939148,0.9936755299568176,1,1,1,False,False
3,24,1,confident_disagreement_margin,1,0,0.6254320740699768,0.9005669951438904,0.2886427342891693,0.8066651821136475,0,0,0,False,False
3,25,1,agree_confident,7,7,0.9960697889328003,0.9658197164535522,0.9925192594528198,0.9377224445343018,7,7,7,False,False
3,26,1,agree_confident,1,1,0.6830276250839233,0.5656133890151978,0.3870750665664673,0.15662533044815063,1,1,1,False,False
3,27,1,agree_confident,1,1,0.9113161563873291,0.9888559579849243,0.8654583692550659,0.9836121797561646,1,1,1,False,False
3,28,1,agree_confident,1,1,0.7305293083190918,0.9810926914215088,0.4803900420665741,0.9657101631164551,1,1,1,False,False
3,29,1,confident_disagreement_margin,7,1,0.9753197431564331,0.7419964075088501,0.9508212804794312,0.5129902362823486,7,7,7,False,False
3,30,2,agree_confident,2,2,0.9929075241088867,0.9999906420707703,0.9875332713127136,0.9999816417694092,2,2,2,False,False
3,31,2,agree_confident,2,2,0.9983468055725098,0.9999997615814209,0.9972171783447266,0.9999997019767761,2,2,2,False,False
3,32,2,agree_confident,2,2,0.9895490407943726,0.9999812841415405,0.9826713800430298,0.9999637603759766,2,2,2,False,False
3,33,2,agree_confident,2,2,0.98587566614151,0.9999898672103882,0.9777369499206543,0.9999845027923584,2,2,2,False,False
3,34,2,agree_confident,2,2,0.9977428913116455,0.9999983906745911,0.9961807727813721,0.9999969601631165,2,2,2,False,False
3,35,2,agree_confident,2,2,0.9959834814071655,0.9963653087615967,0.9933881759643555,0.9927327036857605,2,2,2,False,False
3,36,2,agree_confident,2,2,0.9927113056182861,0.9999990463256836,0.9891447424888611,0.9999986290931702,2,2,2,False,False
3,37,2,agree_confident,2,2,0.9756202101707458,0.9999989867210388,0.9571737051010132,0.9999985098838806,2,2,2,False,False
3,38,2,agree_confident,2,2,0.9684060215950012,0.9999977946281433,0.950796365737915,0.9999957084655762,2,2,2,False,False
3,39,2,confident_disagreement_margin,4,2,0.9618029594421387,0.9838730096817017,0.9257628321647644,0.9722763299942017,2,2,2,False,False
3,40,3,agree_confident,3,3,0.9727875590324402,0.9822477102279663,0.9472166895866394,0.9645313620567322,3,3,3,False,False
3,41,3,agree_confident,3,3,0.9533208012580872,0.6811705231666565,0.914024829864502,0.36398041248321533,3,3,3,False,False
3,42,3,agree_confident,3,3,0.9936490654945374,0.9985536932945251,0.9909331798553467,0.9979449510574341,3,3,3,False,False
3,43,3,agree_confident,3,3,0.9988871216773987,0.9999462366104126,0.9980262517929077,0.9999083876609802,3,3,3,False,False
3,44,3,agree_confident,3,3,0.9993957281112671,0.9936226606369019,0.9988412261009216,0.987257182598114,3,3,3,False,False
3,45,3,agree_confident,3,3,0.9968721270561218,0.9885926842689514,0.9947685599327087,0.9831695556640625,3,3,3,False,False
3,46,3,agree_confident,3,3,0.9998819828033447,0.9999787211418152,0.9998002648353577,0.9999706149101257,3,3,3,False,False
3,47,3,agree_confident,3,3,0.9995337724685669,0.9999404549598694,0.9992237687110901,0.9998844265937805,3,3,3,False,False
3,48,3,agree_confident,3,3,0.8732925653457642,0.9998526573181152,0.7482738494873047,0.9997178912162781,3,3,3,False,False
3,49,3,agree_confident,3,3,0.9892868995666504,0.9999768733978271,0.9789372086524963,0.999963104724884,3,3,3,False,False
3,50,4,agree_confident,4,4,0.9999816417694092,0.9999442100524902,0.9999634623527527,0.9998936653137207,4,4,4,False,False
3,51,4,agree_confident,4,4,0.9997908473014832,0.8666447401046753,0.999582052230835,0.7798929810523987,4,4,4,False,False
3,52,4,agree_confident,4,4,0.9998501539230347,0.9939525127410889,0.9997096657752991,0.9906913042068481,4,4,4,False,False
3,53,4,agree_confident,4,4,0.9999411106109619,0.9921319484710693,0.9998904466629028,0.984712541103363,4,4,4,False,False
3,54,4,agree_confident,4,4,0.9999428987503052,0.9782888889312744,0.9998911023139954,0.9574455618858337,4,4,4,False,False
3,55,4,agree_confident,4,4,0.9999825954437256,0.9949814081192017,0.999966025352478,0.9903751015663147,4,4,4,False,False
3,56,4,agree_confident,4,4,0.9998176693916321,0.9968085885047913,0.9997058510780334,0.9947289824485779,4,4,4,False,False
3,57,4,agree_confident,10,10,0.9669355750083923,0.908445417881012,0.9347311854362488,0.8637198805809021,10,10,10,False,False
3,58,4,agree_confident,4,4,0.9998937845230103,0.9999797940254211,0.9997878074645996,0.9999626278877258,4,4,4,False,False
3,59,4,agree_confident,4,4,0.9998936653137207,0.9999895095825195,0.9997880458831787,0.9999857544898987,4,4,4,False,False
3,60,5,agree_confident,5,5,0.9922193288803101,0.9999862909317017,0.9844385981559753,0.9999780058860779,5,5,5,False,False
3,61,5,confident_disagreement_margin,5,2,0.6162715554237366,0.5603665113449097,0.23266252875328064,0.20456230640411377,5,5,5,False,False
3,62,5,agree_confident,5,5,0.99859219789505,0.9999998211860657,0.9971843957901001,0.9999997615814209,5,5,5,False,False
3,63,5,confident_disagreement_margin,5,2,0.8647225499153137,0.6806434392929077,0.7303867340087891,0.3661002814769745,5,5,5,False,False
3,64,5,agree_confident,5,5,0.9997550845146179,0.9999998211860657,0.9995101690292358,0.9999997615814209,5,5,5,False,False
3,65,5,agree_confident,5,5,0.9979007244110107,0.9999924302101135,0.9958014488220215,0.99998939037323,5,5,5,False,False
3,66,5,agree_confident,5,5,0.9950227737426758,0.9999998211860657,0.9900454878807068,0.9999997615814209,5,5,5,False,False
3,67,5,confident_disagreement_margin,5,0,0.6486384272575378,0.8608008027076721,0.29727834463119507,0.743613600730896,0,0,0,False,False
3,68,5,agree_confident,5,5,0.9951463341712952,0.999990701675415,0.9902926683425903,0.9999816417694092,5,5,5,False,False
3,69,5,agree_confident,5,5,0.9877989292144775,0.95699143409729,0.9755978584289551,0.9144417643547058,5,5,5,False,False
3,70,6,agree_confident,6,6,0.9999750852584839,0.9999987483024597,0.9999502897262573,0.9999982118606567,6,6,6,False,False
3,71,6,agree_confident,6,6,0.9991592168807983,0.9999982118606567,0.998327374458313,0.9999969601631165,6,6,6,False,False
3,72,6,agree_confident,6,6,0.9979776740074158,0.9999858736991882,0.9959636330604553,0.9999743700027466,6,6,6,False,False
3,73,6,confident_disagreement_margin,0,6,0.8495776057243347,0.9995840191841125,0.7034815549850464,0.9991826415061951,6,6,6,False,False
3,74,6,agree_confident,6,6,0.9999489784240723,0.9999995231628418,0.9998982548713684,0.9999992251396179,6,6,6,False,False
3,75,6,agree_confident,6,6,0.9999669790267944,0.9999991059303284,0.9999338984489441,0.9999988079071045,6,6,6,False,False
3,76,6,agree_confident,6,6,0.9972261786460876,0.9997422099113464,0.9953463673591614,0.999487578868866,6,6,6,False,False
3,77,6,agree_confident,6,6,0.999861478805542,0.9999781250953674,0.999792218208313,0.9999566674232483,6,6,6,False,False
3,78,6,confident_disagreement_margin,6,0,0.9265673756599426,0.9913412928581238,0.8709359169006348,0.987498939037323,0,0,0,False,False
3,79,6,agree_confident,6,6,0.9999701976776123,0.9999992847442627,0.9999405741691589,0.999998927116394,6,6,6,False,False
3,80,7,agree_confident,7,7,0.9999977350234985,0.9999985098838806,0.9999961256980896,0.9999980926513672,7,7,7,False,False
3,81,7,agree_confident,7,7,0.9999898672103882,0.9999943375587463,0.9999827742576599,0.9999903440475464,7,7,7,False,False
3,82,7,agree_confident,7,7,0.9999998807907104,0.9999971985816956,0.9999997615814209,0.9999951124191284,7,7,7,False,False
3,83,7,agree_confident,7,7,0.999988317489624,0.9999990463256836,0.9999769330024719,0.9999984502792358,7,7,7,False,False
3,84,7,agree_confident,7,7,0.9999998807907104,0.9999983906745911,0.9999998211860657,0.9999975562095642,7,7,7,False,False
3,85,7,agree_confident,7,7,0.9999978542327881,0.9999979734420776,0.999995768070221,0.9999967217445374,7,7,7,False,False
3,86,7,agree_confident,7,7,0.9999876022338867,0.9999995827674866,0.9999752640724182,0.999999463558197,7,7,7,False,False
3,87,7,agree_confident,7,7,0.9999978542327881,0.9999980926513672,0.9999958872795105,0.9999968409538269,7,7,7,False,False
3,88,7,agree_confident,7,7,0.9999996423721313,0.9999994039535522,0.9999994039535522,0.9999992847442627,7,7,7,False,False
3,89,7,agree_confident,7,7,0.999998927116394,0.9999995827674866,0.9999979734420776,0.9999995231628418,7,7,7,False,False
3,90,8,agree_confident,8,8,0.9968827962875366,0.9999994039535522,0.9937658905982971,0.9999991655349731,8,8,8,False,False
3,91,8,agree_confident,8,8,0.9964653253555298,0.9999963641166687,0.9929307699203491,0.9999938607215881,8,8,8,False,False
3,92,8,agree_confident,8,8,0.8271664977073669,0.9999984502792358,0.6543358564376831,0.999997615814209,8,8,8,False,False
3,93,8,agree_confident,8,8,0.9992306232452393,0.9999984502792358,0.9984619617462158,0.9999977946281433,8,8,8,False,False
3,94,8,agree_confident,8,8,0.9982542395591736,0.9999995827674866,0.9965085983276367,0.999999463558197,8,8,8,False,False
3,95,8,agree_confident,8,8,0.9982497096061707,0.9999992251396179,0.99649977684021,0.999998927116394,8,8,8,False,False
3,96,8,agree_confident,8,8,0.99870765209198,0.9999991655349731,0.9974153637886047,0.9999988675117493,8,8,8,False,False
3,97,8,agree_confident,8,8,0.9951501488685608,0.9999832510948181,0.9903002977371216,0.9999671578407288,8,8,8,False,False
3,98,8,agree_confident,8,8,0.9891730546951294,0.9999967813491821,0.9783463478088379,0.999994158744812,8,8,8,False,False
3,99,8,agree_confident,8,8,0.9994158744812012,0.9999994039535522,0.9988317489624023,0.9999992251396179,8,8,8,False,False
3,100,9,agree_confident,9,9,0.999811589717865,0.7909851670265198,0.9996587634086609,0.6594525575637817,9,9,9,False,False
3,101,9,agree_confident,8,8,0.7735750079154968,0.9478084444999695,0.5489817261695862,0.9154853224754333,8,8,8,False,False
3,102,9,agree_confident,9,9,0.9976615905761719,0.9999023675918579,0.9960068464279175,0.9998759031295776,9,9,9,False,False
3,103,9,adann_only_confident,9,8,0.97339928150177,0.4938567280769348,0.9549484252929688,0.0635744035243988,9,9,9,False,False
3,104,9,agree_confident,8,8,0.8426936268806458,0.9992807507514954,0.7144811153411865,0.9988283514976501,8,8,8,False,False
3,105,9,agree_confident,9,9,0.9998094439506531,0.9419293999671936,0.9996799826622009,0.9074872136116028,9,9,9,False,False
3,106,9,adann_only_confident,9,10,0.9813945293426514,0.4755175709724426,0.9648030996322632,0.289096474647522,9,9,9,False,False
3,107,9,agree_confident,8,8,0.9979075193405151,0.9188273549079895,0.995848536491394,0.8878378868103027,8,8,8,False,False
3,108,9,adann_only_confident,9,9,0.9946335554122925,0.31645911931991577,0.9896402359008789,0.06832616031169891,9,9,9,False,False
3,109,9,adann_only_confident,9,7,0.9194914698600769,0.36456793546676636,0.8854524493217468,0.13954822719097137,9,9,9,False,False
4,0,0,agree_confident,6,6,0.9997096657752991,0.9982054233551025,0.9994193315505981,0.9964113235473633,6,6,6,False,False
4,1,0,agree_confident,6,6,0.8788989782333374,0.8070131540298462,0.7577987909317017,0.6140268445014954,6,6,6,False,False
4,2,0,confident_disagreement_margin,0,5,0.9970930814743042,0.99957275390625,0.9941990971565247,0.9994089603424072,5,5,5,False,False
4,3,0,confident_disagreement_margin,0,6,0.9803186058998108,0.9347313642501831,0.9606425166130066,0.8694634437561035,0,0,0,False,False
4,4,0,confident_disagreement_margin,0,6,0.9665393829345703,0.9718663692474365,0.9335845708847046,0.9437342286109924,6,6,6,False,False
4,5,0,confident_disagreement_margin,0,6,0.9996929168701172,0.9911458492279053,0.999455988407135,0.9822935461997986,0,0,0,False,False
4,6,0,confident_disagreement_margin,0,6,0.9925293326377869,0.9926870465278625,0.9851519465446472,0.9856970310211182,6,6,6,False,False
4,7,0,confident_disagreement_margin,0,6,0.9865164756774902,0.9994379878044128,0.9731730818748474,0.9988770484924316,6,6,6,False,False
4,8,0,confident_disagreement_margin,0,6,0.9971556663513184,0.9927939772605896,0.9951974153518677,0.985680341720581,0,0,0,False,False
4,9,0,confident_disagreement_margin,0,6,0.9999411106109619,0.9979259371757507,0.9998909831047058,0.9958558678627014,0,0,0,False,False
4,10,10,agree_confident,10,10,1.0,0.999991238117218,1.0,0.9999880790710449,10,10,10,False,False
4,11,10,agree_confident,10,10,1.0,0.9999993443489075,1.0,0.9999991059303284,10,10,10,False,False
4,12,10,agree_confident,10,10,1.0,0.9999989867210388,1.0,0.9999985694885254,10,10,10,False,False
4,13,10,agree_confident,10,10,1.0,0.9999992847442627,1.0,0.9999989867210388,10,10,10,False,False
4,14,10,agree_confident,10,10,1.0,0.9999995827674866,1.0,0.9999994039535522,10,10,10,False,False
4,15,10,agree_confident,10,10,1.0,0.9999995827674866,1.0,0.9999994039535522,10,10,10,False,False
4,16,10,agree_confident,10,10,1.0,0.9999995827674866,1.0,0.9999994039535522,10,10,10,False,False
4,17,10,agree_confident,10,10,1.0,0.9999995827674866,1.0,0.9999994039535522,10,10,10,False,False
4,18,10,agree_confident,10,10,1.0,0.9999995827674866,1.0,0.9999993443489075,10,10,10,False,False
4,19,10,agree_confident,10,10,1.0,0.9999995827674866,1.0,0.9999994039535522,10,10,10,False,False
4,20,1,confident_disagreement_margin,1,0,0.9988716244697571,0.8881213665008545,0.9981220960617065,0.7805978059768677,1,1,1,False,False
4,21,1,agree_confident,0,0,1.0,0.9999996423721313,1.0,0.9999993443489075,0,0,0,False,False
4,22,1,confident_disagreement_margin,1,0,0.9975823163986206,0.999790370464325,0.9952155947685242,0.9995973706245422,0,0,0,False,False
4,23,1,confident_disagreement_margin,1,0,0.9998229146003723,0.9999774694442749,0.9996650815010071,0.9999708533287048,0,0,0,False,False
4,24,1,confident_disagreement_margin,1,0,0.9967117309570312,0.9871208071708679,0.9949818849563599,0.9754223823547363,1,1,1,False,False
4,25,1,confident_disagreement_margin,2,0,0.987210750579834,0.8064776659011841,0.9744269847869873,0.6141684055328369,2,2,2,False,False
4,26,1,agree_confident,2,2,1.0,0.9808960556983948,0.9999999403953552,0.9619649052619934,2,2,2,False,False
4,27,1,confident_disagreement_margin,1,0,0.9974178075790405,0.8130165338516235,0.9953069686889648,0.6327685117721558,1,1,1,False,False
4,28,1,confident_disagreement_margin,1,2,0.9988149404525757,0.9896685481071472,0.9976485967636108,0.9797873497009277,1,1,1,False,False
4,29,1,agree_confident,0,0,0.9996016621589661,0.9705294966697693,0.9992048144340515,0.9448420405387878,0,0,0,False,False
4,30,2,agree_confident,2,2,0.9998006224632263,0.9997771382331848,0.9996012449264526,0.9995852112770081,2,2,2,False,False
4,31,2,agree_confident,2,2,0.971384584903717,0.9996613264083862,0.9434837102890015,0.9995300769805908,2,2,2,False,False
4,32,2,agree_confident,2,2,0.9977654218673706,0.9999714493751526,0.9955308437347412,0.9999569058418274,2,2,2,False,False
4,33,2,agree_confident,2,2,0.9653551578521729,0.7903494834899902,0.9321426749229431,0.5818607807159424,2,2,2,False,False
4,34,2,agree_confident,2,2,0.9999792575836182,0.9999925494194031,0.9999584555625916,0.9999892115592957,2,2,2,False,False
4,35,2,agree_confident,2,2,0.9999649524688721,0.9999937415122986,0.9999306797981262,0.9999911785125732,2,2,2,False,False
4,36,2,agree_confident,2,2,0.9999994039535522,0.9999769330024719,0.9999988675117493,0.9999585747718811,2,2,2,False,False
4,37,2,agree_confident,2,2,0.9998588562011719,0.9999751448631287,0.9997177720069885,0.9999576807022095,2,2,2,False,False
4,38,2,agree_confident,2,2,0.9998763799667358,0.9999947547912598,0.9997959136962891,0.999992847442627,2,2,2,False,False
4,39,2,agree_confident,2,2,0.9998302459716797,0.9997024536132812,0.9996604919433594,0.9994112849235535,2,2,2,False,False
4,40,3,agree_confident,3,3,0.9989424347877502,0.7123886942863464,0.9978854060173035,0.4248368442058563,3,3,3,False,False
4,41,3,agree_confident,3,3,0.9999988079071045,0.8154206871986389,0.999997615814209,0.6308614015579224,3,3,3,False,False
4,42,3,agree_confident,3,3,0.9999920129776001,0.8533840179443359,0.9999840259552002,0.7067806720733643,3,3,3,False,False
4,43,3,confident_disagreement_margin,3,4,0.999994158744812,0.6008368730545044,0.999988317489624,0.20171645283699036,3,3,3,False,False
4,44,3,agree_confident,3,3,0.9998396635055542,0.8628167510032654,0.9996793270111084,0.725700855255127,3,3,3,False,False
4,45,3,agree_confident,3,3,0.9999853372573853,0.6139674782752991,0.9999706745147705,0.22797024250030518,3,3,3,False,False
4,46,3,agree_confident,3,3,0.9999996423721313,0.8160870671272278,0.9999992251396179,0.6321939826011658,3,3,3,False,False
4,47,3,agree_confident,3,3,0.9999903440475464,0.6501027941703796,0.9999806880950928,0.3002360463142395,3,3,3,False,False
4,48,3,agree_confident,3,3,0.9998354911804199,0.9999954104423523,0.9996709823608398,0.9999913573265076,3,3,3,False,False
4,49,3,agree_confident,3,3,0.999995231628418,0.9966564178466797,0.9999906420707703,0.9933311939239502,3,3,3,False,False
4,50,4,agree_confident,4,4,1.0,0.9999510049819946,1.0,0.9999065399169922,4,4,4,False,False
4,51,4,agree_confident,4,4,1.0,0.9999885559082031,1.0,0.9999825954437256,4,4,4,False,False
4,52,4,agree_confident,4,4,1.0,0.999955952167511,1.0,0.9999192953109741,4,4,4,False,False
4,53,4,agree_confident,4,4,1.0,0.9999887347221375,1.0,0.9999830722808838,4,4,4,False,False
4,54,4,agree_confident,4,4,1.0,0.9999546408653259,1.0,0.9999237060546875,4,4,4,False,False
4,55,4,agree_confident,4,4,1.0,0.9999894499778748,1.0,0.9999842047691345,4,4,4,False,False
4,56,4,agree_confident,4,4,1.0,0.9999895691871643,1.0,0.9999845027923584,4,4,4,False,False
4,57,4,agree_confident,4,4,1.0,0.9999881982803345,1.0,0.9999819397926331,4,4,4,False,False
4,58,4,agree_confident,4,4,1.0,0.999968409538269,1.0,0.9999443888664246,4,4,4,False,False
4,59,4,agree_confident,4,4,1.0,0.9999858140945435,1.0,0.9999771118164062,4,4,4,False,False
4,60,5,agree_confident,5,5,0.9999997615814209,0.9998974204063416,0.999999463558197,0.9998562335968018,5,5,5,False,False
4,61,5,agree_confident,5,5,1.0,0.9999991059303284,1.0,0.9999988675117493,5,5,5,False,False
4,62,5,agree_confident,5,5,1.0,0.9999982118606567,1.0,0.999997615814209,5,5,5,False,False
4,63,5,agree_confident,5,5,1.0,0.9999989867210388,1.0,0.9999986290931702,5,5,5,False,False
4,64,5,agree_confident,5,5,0.9999998807907104,0.9999992847442627,0.9999998211860657,0.9999990463256836,5,5,5,False,False
4,65,5,agree_confident,5,5,1.0,0.9999995231628418,1.0,0.9999993443489075,5,5,5,False,False
4,66,5,agree_confident,5,5,1.0,0.9999977946281433,1.0,0.9999964833259583,5,5,5,False,False
4,67,5,agree_confident,5,5,1.0,0.9999995827674866,1.0,0.9999994039535522,5,5,5,False,False
4,68,5,agree_confident,5,5,1.0,0.9999995231628418,1.0,0.9999992847442627,5,5,5,False,False
4,69,5,agree_confident,5,5,1.0,0.9999996423721313,1.0,0.9999995231628418,5,5,5,False,False
4,70,6,agree_confident,6,6,1.0,0.999989926815033,1.0,0.9999821186065674,6,6,6,False,False
4,71,6,agree_confident,6,6,1.0,0.9999952912330627,1.0,0.9999919533729553,6,6,6,False,False
4,72,6,agree_confident,6,6,1.0,0.9999943375587463,1.0,0.9999914765357971,6,6,6,False,False
4,73,6,agree_confident,6,6,1.0,0.9998052716255188,1.0,0.9996217489242554,6,6,6,False,False
4,74,6,agree_confident,6,6,1.0,0.9999678730964661,1.0,0.9999390244483948,6,6,6,False,False
4,75,6,agree_confident,6,6,1.0,0.9975651502609253,1.0,0.995138943195343,6,6,6,False,False
4,76,6,agree_confident,6,6,1.0,0.9999916553497314,1.0,0.9999880790710449,6,6,6,False,False
4,77,6,agree_confident,6,6,1.0,0.9999949336051941,1.0,0.9999915957450867,6,6,6,False,False
4,78,6,agree_confident,6,6,1.0,0.9999855756759644,1.0,0.9999775886535645,6,6,6,False,False
4,79,6,agree_confident,6,6,1.0,0.9999951124191284,1.0,0.9999919533729553,6,6,6,False,False
4,80,7,confident_disagreement_margin,7,8,0.6906066536903381,0.9416564106941223,0.38121524453163147,0.8842442631721497,8,8,8,False,False
4,81,7,agree_confident,7,7,0.9996784925460815,0.999850332736969,0.9993569850921631,0.9997240304946899,7,7,7,False,False
4,82,7,confident_disagreement_margin,8,7,0.9982520937919617,0.9999976754188538,0.9965041875839233,0.9999969005584717,7,7,7,False,False
4,83,7,agree_confident,10,10,1.0,0.9999988675117493,1.0,0.9999984502792358,10,10,10,False,False
4,84,7,confident_disagreement_margin,8,7,0.9998965263366699,0.9981939792633057,0.9997929930686951,0.9972903728485107,8,8,8,False,False
4,85,7,agree_confident,7,7,0.9999572038650513,0.9999972581863403,0.9999144077301025,0.9999962449073792,7,7,7,False,False
4,86,7,agree_confident,7,7,0.905869722366333,0.9999955296516418,0.811739444732666,0.999994158744812,7,7,7,False,False
4,87,7,confident_disagreement_margin,10,8,0.9996882677078247,0.5323719382286072,0.9994361400604248,0.07220768928527832,10,10,10,False,False
4,88,7,agree_confident,7,7,0.8684858679771423,0.9449272751808167,0.7369728684425354,0.891441822052002,7,7,7,False,False
4,89,7,confident_disagreement_margin,7,8,0.7808399200439453,0.5710545778274536,0.5699650049209595,0.14826864004135132,7,7,7,False,False
4,90,8,agree_confident,8,8,0.9100908041000366,0.9999984502792358,0.8213638067245483,0.9999980330467224,8,8,8,False,False
4,91,8,agree_confident,8,8,0.9999997615814209,0.9999980330467224,0.9999995827674866,0.9999972581863403,8,8,8,False,False
4,92,8,agree_confident,8,8,1.0,0.9999980330467224,1.0,0.9999972581863403,8,8,8,False,False
4,93,8,agree_confident,8,8,1.0,0.9999984502792358,1.0,0.9999980330467224,8,8,8,False,False
4,94,8,agree_confident,8,8,1.0,0.999998152256012,1.0,0.9999974966049194,8,8,8,False,False
4,95,8,agree_confident,8,8,0.9999963045120239,0.9999982714653015,0.9999926090240479,0.999997615814209,8,8,8,False,False
4,96,8,agree_confident,8,8,1.0,0.9999984502792358,1.0,0.9999979734420776,8,8,8,False,False
4,97,8,agree_confident,8,8,0.9999996423721313,0.9999980330467224,0.9999993443489075,0.9999973773956299,8,8,8,False,False
4,98,8,agree_confident,8,8,0.9999967813491821,0.9999983906745911,0.9999935030937195,0.9999979734420776,8,8,8,False,False
4,99,8,agree_confident,8,8,1.0,0.999997615814209,1.0,0.9999967217445374,8,8,8,False,False
4,100,9,confident_disagreement_margin,10,9,0.9972921013832092,0.9997150301933289,0.994714617729187,0.9995571970939636,9,9,9,False,False
4,101,9,agree_confident,9,9,1.0,0.9999765157699585,1.0,0.9999690055847168,9,9,9,False,False
4,102,9,agree_confident,9,9,1.0,0.9999539852142334,1.0,0.9999241232872009,9,9,9,False,False
4,103,9,agree_confident,9,9,1.0,0.9998210072517395,1.0,0.999727725982666,9,9,9,False,False
4,104,9,confident_disagreement_margin,10,9,1.0,0.9926074743270874,1.0,0.9874486923217773,10,10,10,False,False
4,105,9,agree_confident,9,9,0.9167397618293762,0.9999960064888,0.8334795832633972,0.9999948740005493,9,9,9,False,False
4,106,9,agree_confident,9,9,0.9970188140869141,0.9998582601547241,0.9940382242202759,0.9997808337211609,9,9,9,False,False
4,107,9,agree_confident,9,9,1.0,0.9964178204536438,1.0,0.9937828779220581,9,9,9,False,False
4,108,9,agree_confident,9,9,0.9999960660934448,0.999500572681427,0.9999920725822449,0.9992275238037109,9,9,9,False,False
4,109,9,agree_confident,9,9,0.9999775886535645,0.9999650120735168,0.9999551773071289,0.9999539256095886,9,9,9,False,False
5,0,0,confident_disagreement_margin,6,0,0.8507459163665771,0.9999917149543762,0.7014918327331543,0.9999847412109375,0,0,0,False,False
5,1,0,confident_disagreement_margin,6,5,0.9999074935913086,0.9976522922515869,0.9998160004615784,0.9964761137962341,6,6,6,False,False
5,2,0,agree_confident,0,0,0.9993007183074951,0.9962271451950073,0.9986073970794678,0.9926522970199585,0,0,0,False,False
5,3,0,agree_confident,6,6,0.9999946355819702,0.9648460149765015,0.9999915957450867,0.9459304213523865,6,6,6,False,False
5,4,0,agree_confident,0,0,1.0,0.9999858140945435,1.0,0.9999789595603943,0,0,0,False,False
5,5,0,agree_confident,6,6,0.9999997615814209,0.9816725254058838,0.9999995827674866,0.9659493565559387,6,6,6,False,False
5,6,0,agree_confident,6,6,0.9999927282333374,0.5958946347236633,0.9999860525131226,0.20003947615623474,6,6,6,False,False
5,7,0,agree_confident,0,0,1.0,0.9997401237487793,1.0,0.9995959997177124,0,0,0,False,False
5,8,0,confident_disagreement_margin,6,0,0.999350368976593,0.8801203370094299,0.9987083077430725,0.7930139303207397,6,6,6,False,False
5,9,0,confident_disagreement_margin,6,0,0.9999822378158569,0.9991763830184937,0.9999644756317139,0.9984326362609863,6,6,6,False,False
5,10,10,agree_confident,10,10,1.0,0.9998739957809448,1.0,0.9997486472129822,10,10,10,False,False
5,11,10,confident_disagreement_margin,7,10,0.9980257749557495,0.6359226107597351,0.9969278573989868,0.27800577878952026,7,7,7,False,False
5,12,10,agree_confident,10,10,0.9997977614402771,0.999858021736145,0.9995965957641602,0.9997179508209229,10,10,10,False,False
5,13,10,agree_confident,10,10,0.9559822082519531,0.99761563539505,0.9122869968414307,0.9952915906906128,10,10,10,False,False
5,14,10,confident_disagreement_margin,10,7,0.9932631850242615,0.9042030572891235,0.9866467118263245,0.817800760269165,10,10,10,False,False
5,15,10,agree_confident,10,10,0.9996194839477539,0.9998635649681091,0.9992390871047974,0.9997280836105347,10,10,10,False,False
5,16,10,agree_confident,10,10,0.9999998807907104,0.9998494386672974,0.9999997615814209,0.9996999502182007,10,10,10,False,False
5,17,10,agree_confident,10,10,0.9999986886978149,0.9998769760131836,0.9999973773956299,0.9997546672821045,10,10,10,False,False
5,18,10,agree_confident,10,10,1.0,0.9998637437820435,1.0,0.9997283220291138,10,10,10,False,False
5,19,10,agree_confident,10,10,1.0,0.999824047088623,1.0,0.9996494054794312,10,10,10,False,False
5,20,1,confident_disagreement_margin,1,7,0.8912714719772339,0.9997057318687439,0.7825933694839478,0.9994254112243652,7,7,7,False,False
5,21,1,agree_confident,7,7,0.999987006187439,0.9995872974395752,0.9999739527702332,0.9992084503173828,7,7,7,False,False
5,22,1,agree_confident,7,7,0.9999822378158569,0.9995706081390381,0.9999651908874512,0.9992616176605225,7,7,7,False,False
5,23,1,agree_confident,7,7,0.999995231628418,0.9999528527259827,0.9999904036521912,0.9999291896820068,7,7,7,False,False
5,24,1,agree_confident,7,7,0.9999233484268188,0.9998699426651001,0.9998470544815063,0.9998053312301636,7,7,7,False,False
5,25,1,agree_confident,7,7,1.0,0.9998863339424133,1.0,0.9997814893722534,7,7,7,False,False
5,26,1,agree_confident,7,7,0.9999998807907104,0.9999749660491943,0.9999997615814209,0.9999549984931946,7,7,7,False,False
5,27,1,agree_confident,7,7,1.0,0.9999601244926453,1.0,0.999927282333374,7,7,7,False,False
5,28,1,agree_confident,7,7,0.9999998807907104,0.9999199509620667,0.9999998211860657,0.9998434782028198,7,7,7,False,False
5,29,1,agree_confident,7,7,1.0,0.9999793767929077,1.0,0.9999644160270691,7,7,7,False,False
5,30,2,confident_disagreement_margin,7,2,0.9992620348930359,0.857779860496521,0.9988880753517151,0.7309638261795044,7,7,7,False,False
5,31,2,agree_confident,1,1,0.9999864101409912,0.9660953879356384,0.9999755620956421,0.956312358379364,1,1,1,False,False
5,32,2,confident_disagreement_margin,2,0,0.9999927282333374,0.8386936187744141,0.9999864101409912,0.7158309817314148,2,2,2,False,False
5,33,2,confident_disagreement_margin,0,1,0.9998071789741516,0.7542702555656433,0.9996143579483032,0.6135885715484619,0,0,0,False,False
5,34,2,confident_disagreement_margin,1,2,0.6569435000419617,0.9495779871940613,0.4483606219291687,0.9170408248901367,2,2,2,False,False
5,35,2,confident_disagreement_margin,8,0,0.7698420882225037,0.841026246547699,0.5399168729782104,0.7679434418678284,0,0,0,False,False
5,36,2,agree_confident,1,1,0.9999707937240601,0.9976142048835754,0.9999455213546753,0.9954639673233032,1,1,1,False,False
5,37,2,confident_disagreement_margin,2,1,0.9887110590934753,0.8143987655639648,0.9777755737304688,0.7101633548736572,2,2,2,False,False
5,38,2,confident_disagreement_margin,7,2,0.9999938011169434,0.9909310936927795,0.9999900460243225,0.9825179576873779,7,7,7,False,False
5,39,2,confident_disagreement_margin,7,2,0.992548942565918,0.9991461634635925,0.9868276715278625,0.9986552000045776,2,2,2,False,False
5,40,3,agree_confident,1,1,0.9999958276748657,0.9752862453460693,0.999992311000824,0.9522498250007629,1,1,1,False,False
5,41,3,confident_disagreement_margin,7,3,0.9978482723236084,0.9988597631454468,0.9958194494247437,0.9977757334709167,3,3,3,False,False
5,42,3,confident_disagreement_margin,1,3,0.5134406089782715,0.9932475090026855,0.11530196666717529,0.9865004420280457,3,3,3,False,False
5,43,3,confident_disagreement_margin,7,3,0.9999842643737793,0.9988442063331604,0.9999759197235107,0.9982551336288452,7,7,7,False,False
5,44,3,confident_disagreement_margin,2,1,0.9855988025665283,0.9983230233192444,0.9716396927833557,0.9974886775016785,1,1,1,False,False
5,45,3,confident_disagreement_margin,1,3,0.9999997615814209,0.8300772309303284,0.9999995827674866,0.6601617336273193,1,1,1,False,False
5,46,3,confident_disagreement_margin,1,3,0.9999992847442627,0.7785465717315674,0.9999985694885254,0.5571139454841614,1,1,1,False,False
5,47,3,confident_disagreement_margin,1,0,0.999995231628418,0.5244849324226379,0.9999908804893494,0.05138742923736572,1,1,1,False,False
5,48,3,confident_disagreement_margin,1,3,0.9999997615814209,0.9748643040657043,0.9999996423721313,0.9519947171211243,1,1,1,False,False
5,49,3,confident_disagreement_margin,1,3,0.9995173215866089,0.999700129032135,0.99905925989151,0.9994069337844849,3,3,3,False,False
5,50,4,agree_confident,4,4,0.9999457597732544,0.9999570846557617,0.9998946189880371,0.999916672706604,4,4,4,False,False
5,51,4,agree_confident,4,4,0.9999929666519165,0.9998049139976501,0.9999860525131226,0.9996173977851868,4,4,4,False,False
5,52,4,agree_confident,4,4,0.999990701675415,0.9999853372573853,0.9999815225601196,0.9999814033508301,4,4,4,False,False
5,53,4,agree_confident,4,4,0.9999798536300659,0.9999890327453613,0.9999600648880005,0.9999837279319763,4,4,4,False,False
5,54,4,agree_confident,4,4,0.9999966621398926,0.9999788403511047,0.9999946355819702,0.9999700784683228,4,4,4,False,False
5,55,4,agree_confident,4,4,0.9998010993003845,0.9999954104423523,0.9996697306632996,0.9999932050704956,4,4,4,False,False
5,56,4,agree_confident,4,4,0.9999725818634033,0.9999944567680359,0.9999504089355469,0.9999927282333374,4,4,4,False,False
5,57,4,agree_confident,4,4,0.998414158821106,0.9999780058860779,0.9968293309211731,0.9999606013298035,4,4,4,False,False
5,58,4,agree_confident,4,4,0.9999923706054688,0.9999876022338867,0.9999865889549255,0.9999841451644897,4,4,4,False,False
5,59,4,agree_confident,4,4,0.9997925162315369,0.9999837875366211,0.9995918869972229,0.9999701380729675,4,4,4,False,False
5,60,5,confident_disagreement_margin,6,5,0.9999973773956299,0.9864300489425659,0.9999949336051941,0.975705623626709,6,6,6,False,False
5,61,5,agree_confident,5,5,1.0,0.9999993443489075,1.0,0.9999991059303284,5,5,5,False,False
5,62,5,agree_confident,5,5,1.0,0.999805212020874,1.0,0.9996361136436462,5,5,5,False,False
5,63,5,agree_confident,5,5,0.9999997615814209,0.9996761679649353,0.9999995827674866,0.999386191368103,5,5,5,False,False
5,64,5,agree_confident,5,5,1.0,0.9999996423721313,1.0,0.9999995231628418,5,5,5,False,False
5,65,5,agree_confident,5,5,1.0,0.9999495148658752,1.0,0.9999021887779236,5,5,5,False,False
5,66,5,agree_confident,5,5,1.0,0.9999721646308899,1.0,0.9999462366104126,5,5,5,False,False
5,67,5,agree_confident,5,5,0.9999988079071045,0.9924720525741577,0.9999977350234985,0.9877577424049377,5,5,5,False,False
5,68,5,confident_disagreement_margin,0,5,0.9487814903259277,0.9988976120948792,0.8975637555122375,0.9979920983314514,5,5,5,False,False
5,69,5,agree_confident,5,5,1.0,0.9981523156166077,1.0,0.9965953826904297,5,5,5,False,False
5,70,6,agree_confident,6,6,1.0,0.9999960064888,1.0,0.9999942183494568,6,6,6,False,False
5,71,6,agree_confident,6,6,1.0,0.9999883770942688,1.0,0.9999780654907227,6,6,6,False,False
5,72,6,agree_confident,6,6,1.0,0.9999969601631165,1.0,0.9999959468841553,6,6,6,False,False
5,73,6,agree_confident,6,6,1.0,0.9999968409538269,1.0,0.9999949336051941,6,6,6,False,False
5,74,6,agree_confident,6,6,1.0,0.9999966621398926,1.0,0.9999954700469971,6,6,6,False,False
5,75,6,agree_confident,6,6,1.0,0.9999880790710449,1.0,0.9999776482582092,6,6,6,False,False
5,76,6,agree_confident,6,6,1.0,0.9998361468315125,1.0,0.999676525592804,6,6,6,False,False
5,77,6,agree_confident,6,6,1.0,0.9999733567237854,1.0,0.9999606013298035,6,6,6,False,False
5,78,6,agree_confident,6,6,1.0,0.9999521970748901,1.0,0.999907910823822,6,6,6,False,False
5,79,6,agree_confident,6,6,1.0,0.9999902248382568,1.0,0.9999845027923584,6,6,6,False,False
5,80,7,agree_confident,7,7,0.999998927116394,0.999997615814209,0.9999979138374329,0.9999966621398926,7,7,7,False,False
5,81,7,agree_confident,7,7,0.9999991655349731,0.9999889731407166,0.9999983906745911,0.9999833703041077,7,7,7,False,False
5,82,7,agree_confident,7,7,0.9999996423721313,0.9999884366989136,0.9999992847442627,0.9999800324440002,7,7,7,False,False
5,83,7,agree_confident,7,7,1.0,0.999995768070221,1.0,0.9999932050704956,7,7,7,False,False
5,84,7,agree_confident,7,7,1.0,0.9999979138374329,1.0,0.9999973177909851,7,7,7,False,False
5,85,7,agree_confident,7,7,1.0,0.9999963641166687,1.0,0.9999937415122986,7,7,7,False,False
5,86,7,agree_confident,7,7,1.0,0.9999945163726807,1.0,0.9999919533729553,7,7,7,False,False
5,87,7,agree_confident,7,7,1.0,0.9999984502792358,1.0,0.999997079372406,7,7,7,False,False
5,88,7,agree_confident,7,7,1.0,0.9999995231628418,1.0,0.9999994039535522,7,7,7,False,False
5,89,7,agree_confident,7,7,1.0,0.999999463558197,1.0,0.9999992847442627,7,7,7,False,False
5,90,8,agree_confident,8,8,0.9417850971221924,0.9999924898147583,0.8872708082199097,0.9999890923500061,8,8,8,False,False
5,91,8,agree_confident,7,7,0.9999920129776001,0.568915605545044,0.9999839663505554,0.337360680103302,7,7,7,False,False
5,92,8,agree_confident,8,8,0.9901160597801208,0.9998050928115845,0.9806256890296936,0.9996653199195862,8,8,8,False,False
5,93,8,confident_disagreement_margin,7,8,0.9618955254554749,0.9999456405639648,0.9342250823974609,0.9999315738677979,8,8,8,False,False
5,94,8,agree_confident,8,8,0.9938969016075134,0.999997615814209,0.9905702471733093,0.9999958276748657,8,8,8,False,False
5,95,8,agree_confident,7,7,0.9996607303619385,0.916309118270874,0.9994088411331177,0.8795512318611145,7,7,7,False,False
5,96,8,confident_disagreement_margin,7,9,0.5503667593002319,0.7405035495758057,0.15255936980247498,0.6440807580947876,9,9,9,False,False
5,97,8,confident_disagreement_margin,7,9,0.8888348340988159,0.9664053320884705,0.7781660556793213,0.9564493298530579,9,9,9,False,False
5,98,8,agree_confident,8,8,0.9984230995178223,0.9999479651451111,0.9975494742393494,0.9999206066131592,8,8,8,False,False
5,99,8,confident_disagreement_margin,7,8,0.9956735968589783,0.9974799752235413,0.9927394986152649,0.9955916404724121,8,8,8,False,False
5,100,9,agree_confident,9,9,0.9999998807907104,0.9999566078186035,0.9999997615814209,0.9999394416809082,9,9,9,False,False
5,101,9,agree_confident,9,9,0.9999984502792358,0.9863048791885376,0.9999972581863403,0.9741750955581665,9,9,9,False,False
5,102,9,agree_confident,9,9,0.9999982118606567,0.9999427795410156,0.9999964237213135,0.9999319314956665,9,9,9,False,False
5,103,9,confident_disagreement_margin,9,7,0.9999881982803345,0.9870597720146179,0.9999772310256958,0.9758381247520447,9,9,9,False,False
5,104,9,agree_confident,9,9,0.9999861717224121,0.9999426007270813,0.9999777674674988,0.9999203681945801,9,9,9,False,False
5,105,9,agree_confident,9,9,1.0,0.9998136758804321,1.0,0.9997063875198364,9,9,9,False,False
5,106,9,agree_confident,9,9,0.9999995231628418,0.9992573261260986,0.9999990463256836,0.9991239905357361,9,9,9,False,False
5,107,9,agree_confident,9,9,0.9999995231628418,0.9996340274810791,0.9999991059303284,0.9995022416114807,9,9,9,False,False
5,108,9,agree_confident,9,9,0.9982995390892029,0.9968633055686951,0.9965996742248535,0.9948348999023438,9,9,9,False,False
5,109,9,agree_confident,9,9,0.9999526739120483,0.9892601370811462,0.9999053478240967,0.9832208156585693,9,9,9,False,False
6,0,0,lgb_only_confident,0,0,0.49827292561531067,0.6867845058441162,0.26034384965896606,0.38147103786468506,0,0,0,False,False
6,1,0,confident_disagreement_margin,0,3,0.5529947876930237,0.8018816709518433,0.11222809553146362,0.618775486946106,3,3,3,False,False
6,2,0,confident_disagreement_margin,0,3,0.9870682954788208,0.8688252568244934,0.9742684364318848,0.7963227033615112,0,0,0,False,False
6,3,0,confident_disagreement_margin,0,3,0.9366130232810974,0.9998042583465576,0.8953233957290649,0.999699592590332,3,3,3,False,False
6,4,0,confident_disagreement_margin,0,3,0.9620282053947449,0.9115881323814392,0.9476161003112793,0.84952312707901,0,0,0,False,False
6,5,0,adann_only_confident,0,3,0.7973955869674683,0.45630091428756714,0.6194249391555786,0.14953958988189697,0,0,0,False,False
6,6,0,adann_only_confident,0,3,0.9796051979064941,0.2890916168689728,0.9715827107429504,0.04402221739292145,0,0,0,False,False
6,7,0,confident_disagreement_margin,0,3,0.6758490800857544,0.876530647277832,0.505342960357666,0.7621468305587769,3,3,3,False,False
6,8,0,confident_disagreement_margin,2,0,0.5003970861434937,0.9754165410995483,0.2668324112892151,0.9592365622520447,0,0,0,False,False
6,9,0,agree_confident,0,0,0.5102922916412354,0.9981620907783508,0.0734388530254364,0.9972414374351501,0,0,0,False,False
6,10,10,agree_confident,10,10,0.9890655279159546,0.9999877214431763,0.9792960286140442,0.9999814629554749,10,10,10,False,False
6,11,10,agree_confident,10,10,0.9979008436203003,0.9999873638153076,0.9960113763809204,0.9999778270721436,10,10,10,False,False
6,12,10,agree_confident,10,10,0.9972668886184692,0.9999658465385437,0.9947651028633118,0.9999439120292664,10,10,10,False,False
6,13,10,agree_confident,10,10,0.9880722761154175,0.9999734163284302,0.9774191975593567,0.9999609589576721,10,10,10,False,False
6,14,10,agree_confident,10,10,0.9849140048027039,0.9999347925186157,0.9714682698249817,0.9998977184295654,10,10,10,False,False
6,15,10,agree_confident,10,10,0.9969345331192017,0.9999855160713196,0.9952455759048462,0.9999768137931824,10,10,10,False,False
6,16,10,agree_confident,10,10,0.9955719709396362,0.9996583461761475,0.9926558136940002,0.9993767142295837,10,10,10,False,False
6,17,10,agree_confident,10,10,0.9942253232002258,0.9998363256454468,0.9893061518669128,0.9997029900550842,10,10,10,False,False
6,18,10,agree_confident,10,10,0.9968551397323608,0.999674379825592,0.9940212368965149,0.9993947148323059,10,10,10,False,False
6,19,10,agree_confident,10,10,0.9978808760643005,0.9999845623970032,0.9960566759109497,0.9999737739562988,10,10,10,False,False
6,20,1,confident_disagreement_margin,3,0,0.8737974166870117,0.9922088980674744,0.7503085136413574,0.9876822829246521,0,0,0,False,False
6,21,1,confident_disagreement_margin,1,0,0.8049807548522949,0.9929062724113464,0.6229151487350464,0.9871002435684204,0,0,0,False,False
6,22,1,confident_disagreement_margin,2,0,0.6923980116844177,0.7708054780960083,0.4890131652355194,0.6002729535102844,0,0,0,False,False
6,23,1,agree_confident,2,2,0.911101758480072,0.7370893955230713,0.8654663562774658,0.6789789199829102,2,2,2,False,False
6,24,1,adann_only_confident,2,1,0.8580633997917175,0.43405961990356445,0.7869698405265808,0.11465337872505188,2,2,2,False,False
6,25,1,adann_only_confident,2,2,0.8840435743331909,0.28536751866340637,0.7784213423728943,0.04855598509311676,2,2,2,False,False
6,26,1,agree_confident,2,2,0.8569090962409973,0.6133512258529663,0.751283586025238,0.397154837846756,2,2,2,False,False
6,27,1,adann_only_confident,2,9,0.8977872729301453,0.34116268157958984,0.8287981748580933,0.11354324221611023,2,2,2,False,False
6,28,1,adann_only_confident,3,2,0.8605301380157471,0.429287850856781,0.7214345932006836,0.17634272575378418,3,3,3,False,False
6,29,1,adann_only_confident,2,7,0.5176019668579102,0.36165687441825867,0.04396003484725952,0.04731816053390503,2,7,2,True,False
6,30,2,confident_disagreement_margin,3,2,0.9005882740020752,0.999999463558197,0.801235020160675,0.9999991655349731,2,2,2,False,False
6,31,2,agree_confident,2,2,0.9930577278137207,0.9998164176940918,0.9861474633216858,0.9996771812438965,2,2,2,False,False
6,32,2,confident_disagreement_margin,3,2,0.696958601474762,0.999725341796875,0.39400389790534973,0.9994959831237793,2,2,2,False,False
6,33,2,confident_disagreement_margin,3,2,0.8024482727050781,0.9999852180480957,0.6049681901931763,0.9999706149101257,2,2,2,False,False
6,34,2,confident_disagreement_margin,3,2,0.5637984871864319,0.9999991059303284,0.12774428725242615,0.9999983310699463,2,2,2,False,False
6,35,2,confident_disagreement_margin,3,2,0.910858690738678,0.99998939037323,0.8229421973228455,0.9999802112579346,2,2,2,False,False
6,36,2,confident_disagreement_margin,3,2,0.9832183122634888,0.9999280571937561,0.9665178656578064,0.9998612403869629,2,2,2,False,False
6,37,2,confident_disagreement_margin,3,2,0.9209460020065308,0.9999690055847168,0.8432523012161255,0.999945342540741,2,2,2,False,False
6,38,2,confident_disagreement_margin,3,2,0.7617010474205017,0.9999815821647644,0.5235318541526794,0.9999659061431885,2,2,2,False,False
6,39,2,confident_disagreement_margin,3,2,0.9829310774803162,0.9995677471160889,0.9659200310707092,0.9991365671157837,2,2,2,False,False
6,40,3,agree_confident,3,3,0.9999181032180786,0.9999937415122986,0.9998573660850525,0.9999879598617554,3,3,3,False,False
6,41,3,agree_confident,3,3,0.9999897480010986,0.9999827146530151,0.9999838471412659,0.9999691843986511,3,3,3,False,False
6,42,3,agree_confident,3,3,0.9998451471328735,0.9999929666519165,0.9996967911720276,0.999988853931427,3,3,3,False,False
6,43,3,agree_confident,3,3,0.9999673366546631,0.9999867677688599,0.999941349029541,0.99997478723526,3,3,3,False,False
6,44,3,agree_confident,3,3,0.999974250793457,0.9999960660934448,0.9999598860740662,0.9999926686286926,3,3,3,False,False
6,45,3,agree_confident,3,3,0.9999635219573975,0.9999958276748657,0.9999393820762634,0.9999921321868896,3,3,3,False,False
6,46,3,agree_confident,3,3,0.9999749660491943,0.9999502301216125,0.9999572038650513,0.9999021291732788,3,3,3,False,False
6,47,3,agree_confident,3,3,0.9999407529830933,0.9999982714653015,0.9998965263366699,0.9999972581863403,3,3,3,False,False
6,48,3,agree_confident,3,3,0.9997972846031189,0.9999918341636658,0.9996789693832397,0.999987781047821,3,3,3,False,False
6,49,3,agree_confident,3,3,0.999921441078186,0.9999903440475464,0.9998788237571716,0.9999812841415405,3,3,3,False,False
6,50,4,agree_confident,4,4,0.9999723434448242,0.9999691843986511,0.9999482035636902,0.9999387860298157,4,4,4,False,False
6,51,4,agree_confident,4,4,0.9998038411140442,0.9999929666519165,0.9996100068092346,0.9999908804893494,4,4,4,False,False
6,52,4,agree_confident,4,4,0.9999566078186035,0.9999948143959045,0.9999166131019592,0.9999931454658508,4,4,4,False,False
6,53,4,agree_confident,4,4,0.9999377727508545,0.9999989867210388,0.999883770942688,0.9999987483024597,4,4,4,False,False
6,54,4,agree_confident,4,4,0.999738872051239,0.9999967217445374,0.9994927048683167,0.9999948740005493,4,4,4,False,False
6,55,4,agree_confident,4,4,0.9994778037071228,0.9999703168869019,0.9989579319953918,0.9999425411224365,4,4,4,False,False
6,56,4,agree_confident,4,4,0.9999480247497559,0.9999831914901733,0.9998981952667236,0.9999669194221497,4,4,4,False,False
6,57,4,agree_confident,4,4,0.9999639987945557,0.9999733567237854,0.9999349117279053,0.9999472498893738,4,4,4,False,False
6,58,4,agree_confident,4,4,0.9999760389328003,0.9999780654907227,0.9999544024467468,0.9999565482139587,4,4,4,False,False
6,59,4,agree_confident,4,4,0.9999679327011108,0.9999896883964539,0.9999430775642395,0.9999797940254211,4,4,4,False,False
6,60,5,agree_confident,5,5,0.9999998807907104,0.9999989867210388,0.9999998211860657,0.9999984502792358,5,5,5,False,False
6,61,5,agree_confident,5,5,1.0,0.999995231628418,1.0,0.9999914169311523,5,5,5,False,False
6,62,5,agree_confident,5,5,1.0,0.9999986290931702,1.0,0.9999976754188538,5,5,5,False,False
6,63,5,agree_confident,5,5,1.0,0.9999980330467224,1.0,0.9999966621398926,5,5,5,False,False
6,64,5,agree_confident,5,5,1.0,0.9999887347221375,1.0,0.9999783039093018,5,5,5,False,False
6,65,5,agree_confident,5,5,1.0,0.9999989867210388,0.9999999403953552,0.9999982714653015,5,5,5,False,False
6,66,5,agree_confident,5,5,0.9999998807907104,0.9999980926513672,0.9999997615814209,0.9999971389770508,5,5,5,False,False
6,67,5,agree_confident,5,5,0.9999998807907104,0.9999983906745911,0.9999997615814209,0.9999975562095642,5,5,5,False,False
6,68,5,agree_confident,5,5,0.9999998807907104,0.9999950528144836,0.9999998211860657,0.9999925494194031,5,5,5,False,False
6,69,5,agree_confident,5,5,1.0,0.9999975562095642,0.9999999403953552,0.9999953508377075,5,5,5,False,False
6,70,6,agree_confident,6,6,0.9825795888900757,0.9999334216117859,0.9690290093421936,0.9998685717582703,6,6,6,False,False
6,71,6,agree_confident,6,6,0.9983452558517456,0.9999982714653015,0.996742844581604,0.999997079372406,6,6,6,False,False
6,72,6,agree_confident,6,6,0.9975184202194214,0.9999011158943176,0.9953439831733704,0.9998033046722412,6,6,6,False,False
6,73,6,agree_confident,6,6,0.9959101676940918,0.9996306896209717,0.9923592805862427,0.999315083026886,6,6,6,False,False
6,74,6,agree_confident,6,6,0.9801967144012451,0.9389593601226807,0.9670667052268982,0.8781563639640808,6,6,6,False,False
6,75,6,agree_confident,6,6,0.9951130747795105,0.9999598860740662,0.9913020730018616,0.9999216794967651,6,6,6,False,False
6,76,6,agree_confident,6,6,0.9959028363227844,0.999893069267273,0.9923553466796875,0.9997878074645996,6,6,6,False,False
6,77,6,agree_confident,6,6,0.9966816306114197,0.9998553395271301,0.9935891628265381,0.9997178316116333,6,6,6,False,False
6,78,6,agree_confident,6,6,0.9980385899543762,0.9999865293502808,0.9963603615760803,0.9999780058860779,6,6,6,False,False
6,79,6,agree_confident,6,6,0.995961606502533,0.9960790872573853,0.9930791854858398,0.99220210313797,6,6,6,False,False
6,80,7,confident_disagreement_margin,1,7,0.5864507555961609,0.6997008919715881,0.22302624583244324,0.41170939803123474,7,7,7,False,False
6,81,7,agree_confident,1,1,0.9675969481468201,0.5835629105567932,0.9433282613754272,0.3931773602962494,1,1,1,False,False
6,82,7,agree_confident,7,7,0.5017160773277283,0.9998777508735657,0.09082984924316406,0.9998457431793213,7,7,7,False,False
6,83,7,confident_disagreement_margin,2,7,0.5585939884185791,0.9996402859687805,0.1473725438117981,0.9993367195129395,7,7,7,False,False
6,84,7,confident_disagreement_margin,1,7,0.6264615058898926,0.7289174199104309,0.30241405963897705,0.46152493357658386,7,7,7,False,False
6,85,7,confident_disagreement_margin,1,7,0.9140095710754395,0.9980123043060303,0.8411964774131775,0.9961748123168945,7,7,7,False,False
6,86,7,confident_disagreement_margin,1,7,0.6430304050445557,0.8867025375366211,0.381946325302124,0.7815141677856445,7,7,7,False,False
6,87,7,confident_disagreement_margin,1,7,0.6323105692863464,0.9698551297187805,0.373351514339447,0.9497596025466919,7,7,7,False,False
6,88,7,confident_disagreement_margin,1,7,0.9002662301063538,0.9549199938774109,0.8453965783119202,0.9119488000869751,7,7,7,False,False
6,89,7,fallback_static,1,0,0.44669896364212036,0.4065127670764923,0.0027206838130950928,0.06752854585647583,10,0,1,True,True
6,90,8,lgb_only_confident,8,8,0.4955296814441681,0.996463418006897,0.0058730244636535645,0.993137001991272,8,8,8,False,False
6,91,8,confident_disagreement_margin,2,8,0.9652899503707886,0.9639667868614197,0.9440870881080627,0.932042121887207,2,2,2,False,False
6,92,8,agree_confident,8,8,0.9328760504722595,0.9985462427139282,0.8767496943473816,0.9971874356269836,8,8,8,False,False
6,93,8,agree_confident,8,8,0.6609337329864502,0.9998434782028198,0.34208571910858154,0.9997097253799438,8,8,8,False,False
6,94,8,agree_confident,8,8,0.7700170278549194,0.9997395873069763,0.5521028637886047,0.9995468854904175,8,8,8,False,False
6,95,8,confident_disagreement_margin,2,8,0.5230637788772583,0.9896048307418823,0.06381911039352417,0.9798294305801392,8,8,8,False,False
6,96,8,agree_confident,8,8,0.795489490032196,0.9993338584899902,0.620951235294342,0.9987229704856873,8,8,8,False,False
6,97,8,confident_disagreement_margin,2,8,0.8566855192184448,0.9990943670272827,0.7240861654281616,0.9982290267944336,8,8,8,False,False
6,98,8,lgb_only_confident,2,8,0.4230111837387085,0.9965715408325195,0.1222577691078186,0.9933743476867676,8,8,8,False,False
6,99,8,lgb_only_confident,8,8,0.46820223331451416,0.9797838926315308,0.004332870244979858,0.9604112505912781,8,8,8,False,False
6,100,9,agree_confident,9,9,0.9997569918632507,0.99993896484375,0.9995432496070862,0.9999065399169922,9,9,9,False,False
6,101,9,confident_disagreement_margin,9,2,0.7323153018951416,0.680504322052002,0.5061063766479492,0.4605051577091217,9,9,9,False,False
6,102,9,agree_confident,9,9,0.999875545501709,0.9999977350234985,0.9997631311416626,0.9999969601631165,9,9,9,False,False
6,103,9,agree_confident,9,9,0.9999679327011108,0.9999708533287048,0.9999417066574097,0.9999557137489319,9,9,9,False,False
6,104,9,agree_confident,9,9,0.9997010231018066,0.9999991059303284,0.9994118213653564,0.9999987483024597,9,9,9,False,False
6,105,9,agree_confident,9,9,0.9999719858169556,0.9999990463256836,0.9999487996101379,0.9999986290931702,9,9,9,False,False
6,106,9,agree_confident,9,9,0.9997695088386536,0.9999949932098389,0.9995605945587158,0.9999923706054688,9,9,9,False,False
6,107,9,agree_confident,9,9,0.9999188184738159,0.9999991059303284,0.9998546242713928,0.9999988079071045,9,9,9,False,False
6,108,9,agree_confident,9,9,0.9999159574508667,0.9999980330467224,0.9998374581336975,0.9999972581863403,9,9,9,False,False
6,109,9,agree_confident,9,9,0.9999452829360962,0.9999988675117493,0.9999101161956787,0.9999984502792358,9,9,9,False,False
