subject_id,gate_case,count
1,agree_confident,91
1,adann_only_confident,0
1,lgb_only_confident,2
1,confident_disagreement_margin,17
1,fallback_static,0
2,agree_confident,54
2,adann_only_confident,10
2,lgb_only_confident,0
2,confident_disagreement_margin,46
2,fallback_static,0
3,agree_confident,94
3,adann_only_confident,5
3,lgb_only_confident,1
3,confident_disagreement_margin,10
3,fallback_static,0
4,agree_confident,87
4,adann_only_confident,0
4,lgb_only_confident,0
4,confident_disagreement_margin,23
4,fallback_static,0
5,agree_confident,79
5,adann_only_confident,0
5,lgb_only_confident,0
5,confident_disagreement_margin,31
5,fallback_static,0
6,agree_confident,69
6,adann_only_confident,7
6,lgb_only_confident,4
6,confident_disagreement_margin,29
6,fallback_static,1
